siteID,year,mmwrWeek,mean,variance
BLAN,2015,37,20.406434579439253,1.6067
BLAN,2015,38,17.052796726190476,0.8445
BLAN,2015,39,16.930225595238095,0.2511
BLAN,2015,40,13.677468154761904,0.8318
BLAN,2015,41,13.910518154761904,1.3184
BLAN,2015,42,10.602056547619048,2.4002
BLAN,2015,43,11.77436011904762,4.0619
BLAN,2015,44,13.85490447761194,1.4023
BLAN,2015,45,10.216050746268657,3.2634
BLAN,2015,46,8.30269214659686,5.0987
BLAN,2015,47,2.9831080459770116,2.4168
BLAN,2016,1,-0.6753027272727272,0.6774
BLAN,2016,2,1.4682651785714287,4.851
BLAN,2016,3,-3.973590746268657,0.4378
BLAN,2016,4,-1.23855625,2.3908
BLAN,2016,5,5.408809226190476,2.3937
BLAN,2016,6,-1.697454761904762,1.5733
BLAN,2016,7,-2.6932794642857143,0.3857
BLAN,2016,8,5.935211904761905,0.5557
BLAN,2016,9,5.336745671641791,3.8209
BLAN,2016,10,11.356671293375394,3.8557
BLAN,2017,1,-4.4795187499999995,0.141
BLAN,2017,26,21.97093886255924,1.0828
BLAN,2017,27,24.146933731343285,3.4359
BLAN,2017,28,24.27653630952381,5.5992
BLAN,2017,29,25.290625602409637,2.9043
BLAN,2017,30,23.20770238095238,15.9395
BLAN,2017,31,22.01932686567164,0.6522
BLAN,2017,32,20.316224107142858,3.0461
BLAN,2017,33,22.644094610778442,2.0649
BLAN,2017,34,22.873902083333334,1.1353
BLAN,2017,35,18.297599404761904,1.0405
BLAN,2017,36,17.142110714285714,5.2121
BLAN,2017,37,16.80522380952381,0.4589
BLAN,2017,38,20.62894265734266,0.8385
BLAN,2017,40,20.09490485436893,0.8266
BLAN,2017,41,20.763900595238095,0.6717
BLAN,2017,42,14.200716369047619,1.3876
BLAN,2017,43,13.568149401197605,1.7676
BLAN,2017,44,11.508019345238095,1.4731
BLAN,2017,45,8.417822916666667,1.0574
BLAN,2017,46,4.115213690476191,0.5283
BLAN,2017,47,5.492186268656717,8.7802
BLAN,2017,48,8.464114880952382,4.4056
BLAN,2017,49,5.065520238095238,1.0834
BLAN,2017,50,-0.28407874251497006,1.6006
BLAN,2017,51,4.920537611940299,2.1183
BLAN,2017,52,-1.6156735119047618,1.5617
BLAN,2018,1,-5.417219947506561,3.5764
BLAN,2018,2,0.4283023880597015,6.02
BLAN,2018,3,-2.8381617910447763,2.0037
BLAN,2018,4,6.182544345238095,6.1835
BLAN,2018,5,3.2798473214285715,1.6646
BLAN,2018,6,-1.3423267267267267,1.1029
BLAN,2018,7,7.7569125748503,2.2008
BLAN,2018,8,9.195726785714285,1.8988
BLAN,2018,9,7.940158734939759,1.7866
BLAN,2018,10,2.1119598214285715,0.5886
BLAN,2018,11,1.6381994029850746,1.3621
BLAN,2018,12,2.5433127976190475,1.5454
BLAN,2018,13,5.999538922155689,3.1048
BLAN,2018,14,8.724329253731343,4.136
BLAN,2018,15,8.884128260869565,2.3327
BLAN,2018,16,10.776486567164179,0.9308
BLAN,2018,17,12.281830513595166,1.5939
BLAN,2018,18,17.86918549382716,2.0454
BLAN,2018,19,17.21213343283582,2.6405
BLAN,2018,20,20.145176506024097,1.8737
BLAN,2018,21,20.35247886904762,0.8823
BLAN,2018,22,22.848030059523808,1.1245
BLAN,2018,23,18.802774251497006,2.5793
BLAN,2018,24,20.808763880597017,3.9043
BLAN,2018,25,22.987906547619048,6.6014
BLAN,2018,26,22.361697023809523,1.2828
BLAN,2018,27,25.777930447761193,3.5898
BLAN,2018,28,21.824002409638553,1.1921
BLAN,2018,29,23.56453791044776,2.5583
BLAN,2018,30,22.393674999999998,2.8438
BLAN,2018,31,22.285511904761904,3.5093
BLAN,2018,32,24.143641964285713,6.6247
BLAN,2018,33,22.602632132132133,3.9729
BLAN,2018,34,21.513222916666667,2.2022
BLAN,2018,35,24.141453592814372,1.3927
BLAN,2018,36,24.743598805970148,6.7125
BLAN,2018,37,18.709277245508982,0.7071
BLAN,2018,38,22.40554375,0.7742
BLAN,2018,39,17.911391369047617,0.5278
BLAN,2018,40,20.472503273809522,0.6969
BLAN,2018,41,21.10755744047619,0.3513
BLAN,2018,42,10.93217125748503,1.3822
BLAN,2018,43,8.451430149253731,1.6691
BLAN,2018,44,12.169865773809525,1.0613
BLAN,2018,45,9.55565105105105,3.5258
BLAN,2018,46,2.62837921686747,0.8536
BLAN,2018,47,3.4202805970149255,1.6563
BLAN,2018,48,2.461445896656535,1.8505
BLAN,2018,49,3.465471130952381,1.2149
BLAN,2018,50,-0.5328014880952381,1.9396
BLAN,2018,51,4.276099101796407,3.0848
BLAN,2018,52,3.3301357142857144,0.9337
BLAN,2019,1,6.78639140625,3.0045
BLAN,2019,2,3.4394511904761904,2.3782
BLAN,2019,3,-1.0837342372881356,0.567
BLAN,2019,4,-0.5349154761904762,0.4218
BLAN,2019,5,-4.524987797619048,3.4721
BLAN,2019,6,6.369864048338369,1.4875
BLAN,2019,7,1.8828803571428572,1.2247
BLAN,2019,8,2.337848511904762,0.8102
BLAN,2019,9,3.1674925595238097,1.1981
BLAN,2019,10,-0.7998758928571429,0.44
BLAN,2019,11,9.52453988095238,2.0469
BLAN,2019,12,5.173502083333333,7.7474
BLAN,2019,13,6.804957541899442,1.5782
BLAN,2019,14,9.621018064516129,1.3579
BLAN,2019,15,14.498554166666667,1.6685
BLAN,2019,16,16.03787380952381,1.0933
BLAN,2019,17,16.476123511904763,1.1311
BLAN,2019,18,15.79678785046729,2.4926
BLAN,2019,19,18.46702648809524,2.6057
BLAN,2019,20,13.985669345238096,1.5874
BLAN,2019,21,21.497375892857143,1.5472
BLAN,2019,22,22.872114285714286,2.401
BLAN,2019,23,19.923577083333335,0.9397
BLAN,2019,24,18.790614285714287,4.2198
BLAN,2019,25,23.00858089552239,2.3927
BLAN,2019,26,22.969754761904763,7.358
BLAN,2019,27,24.502425,3.1654
BLAN,2019,28,23.720625892857143,2.7183
BLAN,2019,29,26.073204761904762,1.0092
BLAN,2019,30,23.32091607142857,5.4894
BLAN,2019,31,23.71369017857143,5.1467
BLAN,2019,32,24.131442089552237,0.9465
BLAN,2019,33,23.075066666666668,1.3249
BLAN,2019,34,24.550618072289158,6.4705
BLAN,2019,35,19.701113095238096,1.452
BLAN,2019,36,22.301914285714286,2.0934
BLAN,2019,37,22.275778273809525,11.2609
BLAN,2019,38,19.465709523809522,1.7607
BLAN,2019,39,20.933976488095237,2.502
BLAN,2019,40,23.36537589285714,0.5043
BLAN,2019,41,14.773291212121212,0.8923
BLAN,2019,42,11.954821739130434,2.1036
BLAN,2019,43,11.469720186335405,0.7039
BLAN,2019,44,14.343674920634921,1.1356
BLAN,2019,45,7.06295508982036,2.4097
BLAN,2019,46,3.1324214925373135,0.7484
BLAN,2019,47,5.071223511904762,2.6489
BLAN,2019,48,6.114552063492064,1.5997
BLAN,2019,49,4.127226363636364,2.2033
BLAN,2019,50,2.4843192660550457,2.5468
BLAN,2019,51,0.643833933933934,0.4947
BLAN,2019,52,1.6619582582582582,2.6332
BLAN,2020,1,5.8798078125,3.5797
BLAN,2020,2,3.2224954682779456,2.269
BLAN,2020,3,8.042293870967741,1.041
BLAN,2020,4,-1.9097630952380953,0.4828
BLAN,2020,5,3.4258832835820896,0.6385
BLAN,2020,6,8.325221337579618,3.435
BLAN,2020,7,4.813764583333334,0.8911
BLAN,2020,8,2.476042857142857,0.9994
BLAN,2020,9,5.008177538461538,9.6083
BLAN,2020,10,6.726523780487804,2.3039
BLAN,2020,11,10.193704863221884,2.5939
BLAN,2020,12,10.30047476635514,1.1726
BLAN,2020,13,8.054103273809524,0.9212
BLAN,2020,14,11.836009638554216,1.5198
BLAN,2020,15,12.511861392405063,6.6587
BLAN,2020,16,8.786721296296296,2.8705
BLAN,2020,17,9.93875303030303,5.2993
BLAN,2020,18,11.23398905775076,2.4587
BLAN,2020,19,13.304701190476191,1.1034
BLAN,2020,20,11.504209638554217,5.1972
BLAN,2020,21,16.453600298507464,0.4259
BLAN,2020,22,20.770196417910448,0.5555
BLAN,2020,23,20.708353753753755,2.5233
BLAN,2020,24,22.963849846153845,1.1144
BLAN,2020,25,18.167098540145986,0.564
BLAN,2020,26,22.567473076923076,1.6487
BLAN,2020,27,24.529477380952383,1.3975
BLAN,2020,28,25.551629761904763,1.7141
BLAN,2020,29,24.863231845238094,1.8929
BLAN,2020,30,26.132192857142858,4.9559
BLAN,2020,31,25.436204776119403,0.9282
BLAN,2020,32,23.54873933933934,1.2797
BLAN,2020,33,24.476582568807338,0.8337
BLAN,2020,34,21.203823809523808,0.9619
BLAN,2020,35,24.477277844311377,23.1466
BLAN,2020,36,22.275491964285713,2.1868
BLAN,2020,37,21.37019104477612,0.6478
BLAN,2020,38,17.183644642857143,0.2732
BLAN,2020,39,12.7055125,1.1811
BLAN,2020,40,16.625452615384617,0.4809
BLAN,2020,41,13.012941641337386,1.1555
BLAN,2020,42,15.491749850746269,1.559
BLAN,2020,43,14.839330654761905,0.9842
BLAN,2020,44,12.440161861861862,0.4363
BLAN,2020,45,9.522505882352942,1.7825
BLAN,2020,46,14.417756024096386,1.1021
BLAN,2020,47,6.7712802973977695,3.4701
BLAN,2020,48,10.356602702702702,2.6225
BLAN,2020,49,5.872266352201258,1.8515
BLAN,2020,50,3.073918541033435,1.3246
BLAN,2020,51,2.861616071428571,2.087
BLAN,2020,52,3.0114009868421054,1.8155
BLAN,2020,53,0.3894051063829787,0.7909
BLAN,2021,1,2.6055077160493827,0.7479
BLAN,2021,2,1.5251324404761906,1.4627
BLAN,2021,3,2.490684965034965,4.0547
BLAN,2021,4,-0.9327282131661442,0.4016
BLAN,2021,5,-0.3432435643564356,1.6139
BLAN,2021,6,-0.30280993975903614,1.0758
BLAN,2021,7,-1.7985967065868262,0.2234
BLAN,2021,8,3.33725868852459,4.161
BLAN,2021,9,4.793009627329193,1.1899
BLAN,2021,10,8.32269323076923,2.1548
BLAN,2021,11,6.951217177914111,0.5405
BLAN,2021,12,9.876437304075235,2.661
BLAN,2021,13,10.324760606060606,1.2047
BLAN,2021,14,13.49320668693009,3.2569
BLAN,2021,15,13.961850632911393,0.7099
BLAN,2021,16,11.278281927710843,2.3313
BLAN,2021,17,16.86011476923077,3.821
BLAN,2021,18,16.699070535714284,2.0346
BLAN,2021,19,12.3797540625,3.5035
BLAN,2021,20,17.159380838323354,1.1602
BLAN,2021,21,21.551234200743494,2.9028
BLAN,2021,22,16.419686785714287,1.0327
BLAN,2021,23,24.263363333333334,0.9263
BLAN,2021,24,19.443964670658684,0.8617
BLAN,2021,25,19.73220344827586,1.0156
BLAN,2021,26,23.830877205882352,0.531
BLAN,2021,27,23.58670963855422,1.8305
BLAN,2021,28,25.22935598802395,3.2116
BLAN,2021,29,22.952716417910448,8.6301
BLAN,2021,30,24.61087042682927,1.5982
BLAN,2021,31,21.416406547619047,0.6567
BLAN,2021,32,24.493391591591593,3.524
BLAN,2021,33,23.99611090909091,0.4509
BLAN,2021,34,24.840016964285713,4.244
BLAN,2021,35,21.92746963190184,2.7832
BLAN,2021,36,20.387407738095238,1.3355
BLAN,2021,37,21.95413273809524,3.0437
BLAN,2021,38,19.581804545454546,0.7965
BLAN,2021,39,16.300699401197605,1.0169
BLAN,2021,40,18.679100298507464,0.8817
BLAN,2021,41,18.038754938271605,0.6065
BLAN,2021,42,14.827373731343284,4.2894
BLAN,2021,43,13.675063009404388,1.1635
BLAN,2021,44,7.546639285714286,1.0138
BLAN,2021,45,9.605194545454545,6.1147
BLAN,2021,46,6.956973214285714,3.7488
BLAN,2021,47,3.686495238095238,0.9191
BLAN,2021,48,6.172829940119761,5.1745
BLAN,2021,49,5.064556417910448,2.0605
BLAN,2021,50,7.609175,3.2566
BLAN,2021,51,2.715779761904762,1.0518
BLAN,2021,52,9.029857291666668,2.0452
BLAN,2021,53,3.2578802083333334,0.6386
BLAN,2022,1,3.279874617737003,2.5636
BLAN,2022,2,-1.1210811940298508,1.5978
BLAN,2022,3,-2.85092898089172,1.0777
BLAN,2022,4,-3.7097914634146343,0.6853
BLAN,2022,5,-0.8685839393939394,1.958
BLAN,2022,6,1.5090681681681681,2.0554
BLAN,2022,7,4.096914285714286,1.418
BLAN,2022,8,5.903388957055215,2.4834
BLAN,2022,9,3.5162131944444446,2.1135
BLAN,2022,52,10.013554166666667,0.4013
KONZ,2017,1,-11.37976875,0.4007
KONZ,2017,35,21.645350318471337,1.3339
KONZ,2017,36,21.880403273809524,1.0751
KONZ,2017,37,23.26959520958084,1.2608
KONZ,2017,38,23.697039649122807,1.4692
KONZ,2017,40,20.67468686868687,0.263
KONZ,2017,41,15.327226488095238,5.4182
KONZ,2017,42,16.11899432835821,2.9303
KONZ,2017,43,12.932311343283581,0.9786
KONZ,2017,44,5.406335168195719,1.3576
KONZ,2017,45,3.214225762711864,0.8833
KONZ,2017,46,9.167609523809524,1.3432
KONZ,2017,47,8.39647880597015,0.6138
KONZ,2017,48,11.058729166666666,0.4654
KONZ,2017,49,4.625905074626866,1.3579
KONZ,2017,50,4.6455077380952385,0.7908
KONZ,2017,51,4.870042814371257,0.8891
KONZ,2017,52,-7.914546130952381,0.828
KONZ,2018,1,-9.6082227154047,0.521
KONZ,2018,2,-0.4039827380952381,1.4156
KONZ,2018,3,-6.5641372023809526,0.4464
KONZ,2018,4,4.865278494623656,0.4941
KONZ,2018,5,-0.12815137614678898,0.4632
KONZ,2018,6,-4.496206586826347,2.9276
KONZ,2018,7,-0.0799625,0.5643
KONZ,2018,8,-0.1395735119047619,4.1317
KONZ,2018,9,6.0724309523809525,0.6999
KONZ,2018,10,6.466655555555556,5.7916
KONZ,2018,11,8.130925297619047,0.6194
KONZ,2018,12,6.78617874251497,3.8972
KONZ,2018,13,6.468765568862276,1.2504
KONZ,2018,14,2.9450627976190478,0.6076
KONZ,2018,15,9.911149101796408,1.4994
KONZ,2018,16,5.309117857142857,0.9913
KONZ,2018,17,11.810585981308412,3.6278
KONZ,2018,18,18.81473708206687,12.4459
KONZ,2018,19,22.880314373088684,1.2509
KONZ,2018,20,22.072924024024022,4.8196
KONZ,2018,21,20.971083832335328,0.5556
KONZ,2018,22,25.35041049382716,3.9384
KONZ,2018,24,27.628412376237623,1.8289
KONZ,2018,25,25.182297658862876,1.8869
KONZ,2018,26,26.223892559523808,0.5857
KONZ,2018,27,27.447081547619046,5.0124
KONZ,2018,28,28.576842771084337,4.9556
KONZ,2018,29,25.75663869047619,9.6857
KONZ,2018,30,24.39661223880597,1.24
KONZ,2018,31,23.548941017964072,0.7874
KONZ,2018,32,27.0609003003003,2.4641
KONZ,2018,33,24.657965476190476,1.8528
KONZ,2018,34,21.90595654761905,0.4109
KONZ,2018,35,25.840218318318318,3.0207
KONZ,2018,36,23.457590476190475,0.6224
KONZ,2018,37,20.50225508982036,0.405
KONZ,2018,38,25.64240386904762,2.4307
KONZ,2018,39,16.2384763803681,0.7777
KONZ,2018,40,16.862640476190474,13.1744
KONZ,2018,41,10.88001994047619,3.3671
KONZ,2018,42,8.886021492537314,0.5414
KONZ,2018,43,11.483584384384384,1.2463
KONZ,2018,44,12.464166964285715,0.6115
KONZ,2018,45,4.4412972972972975,0.5827
KONZ,2018,46,-0.6052357142857143,1.1642
KONZ,2018,47,4.467811904761905,2.0038
KONZ,2018,48,0.9934261904761905,2.2112
KONZ,2018,49,-1.1409261904761905,0.5611
KONZ,2018,50,0.8332824404761905,0.508
KONZ,2018,51,5.515985240963856,4.5343
KONZ,2018,52,3.0754816265060243,0.6992
KONZ,2019,1,0.12385796344647519,1.9611
KONZ,2019,2,5.62533869047619,1.3552
KONZ,2019,3,-1.1531013953488372,0.0215
KONZ,2019,4,-5.712879750778816,0.4744
KONZ,2019,5,-3.3491135542168675,1.5413
KONZ,2019,6,-1.2014816993464053,5.6803
KONZ,2019,7,-1.2077829341317365,1.2381
KONZ,2019,8,-5.1447380191693295,1.0087
KONZ,2019,9,-6.131166560509554,1.1499
KONZ,2019,10,-6.7861770833333335,0.2402
KONZ,2019,11,5.1384236923076925,2.0185
KONZ,2019,12,7.386702380952381,1.1594
KONZ,2019,13,10.964244311377245,1.9211
KONZ,2019,14,8.242651488095238,0.373
KONZ,2019,15,15.119185928143713,12.3431
KONZ,2019,16,13.479115773809523,1.6584
KONZ,2019,17,15.977763855421687,0.9427
KONZ,2019,18,11.383159493670886,0.6216
KONZ,2019,19,13.820075075075074,4.4914
KONZ,2019,20,18.920914285714286,0.9784
KONZ,2019,21,15.296682934131736,4.617
KONZ,2019,22,20.118055952380953,5.992
KONZ,2019,23,23.356594594594593,0.4935
KONZ,2019,24,20.03649017857143,1.5106
KONZ,2019,25,22.684814848484848,7.7848
KONZ,2019,26,23.57870243902439,5.6404
KONZ,2019,27,26.031373731343283,1.4867
KONZ,2019,28,25.076374404761903,2.7136
KONZ,2019,29,27.516813813813815,0.3354
KONZ,2019,30,24.088317611940298,1.2479
KONZ,2019,31,25.336385928143713,1.3093
KONZ,2019,32,24.713390332326284,0.6871
KONZ,2019,33,24.998696540880502,2.9687
KONZ,2019,34,25.32066755952381,8.176
KONZ,2019,35,21.760335443037974,9.7109
KONZ,2019,36,23.672662797619047,0.4145
KONZ,2019,37,23.9858254180602,2.1984
KONZ,2019,38,25.735477678571428,0.8726
KONZ,2019,39,22.062452083333334,0.504
KONZ,2019,40,18.753294029850746,0.4911
KONZ,2019,41,13.654350892857142,1.623
KONZ,2019,42,12.505752994011976,0.8733
KONZ,2019,43,10.75513014925373,1.9096
KONZ,2019,44,2.736561904761905,1.4589
KONZ,2019,45,4.850124302788845,0.9823
KONZ,2019,46,2.776128869047619,0.6861
KONZ,2019,47,8.66082567164179,3.471
KONZ,2019,48,2.989034036144578,0.6405
KONZ,2019,49,4.625687037037037,2.8203
KONZ,2019,50,3.000573214285714,0.7093
KONZ,2019,51,-0.6810384364820847,0.3585
KONZ,2019,52,5.572923262839879,1.1223
KONZ,2020,1,3.341143684210526,0.7054
KONZ,2020,2,4.443721739130435,0.7368
KONZ,2020,3,-2.7401513422818793,0.4339
KONZ,2020,4,-3.499888095238095,0.8015
KONZ,2020,5,0.6112151057401812,1.373
KONZ,2020,6,2.060183734939759,1.674
KONZ,2020,7,-2.560313373860182,0.3538
KONZ,2020,8,1.3500075757575758,1.675
KONZ,2020,9,3.7568365558912387,0.3828
KONZ,2020,10,8.668194642857143,0.422
KONZ,2020,11,8.995288855421686,2.9801
KONZ,2020,12,6.135557910447761,5.9577
KONZ,2020,13,7.244911034482759,1.7236
KONZ,2020,14,11.389326865671642,6.9547
KONZ,2020,15,11.809008385093168,2.6074
KONZ,2020,16,6.821328025477707,6.4872
KONZ,2020,17,14.598228239202658,1.3811
KONZ,2020,18,16.14894174174174,0.5775
KONZ,2020,19,14.891239393939394,0.9115
KONZ,2020,20,12.24638125,3.317
KONZ,2020,21,16.570563988095238,0.928
KONZ,2020,22,19.405291964285713,0.506
KONZ,2020,23,24.229307716049384,4.0474
KONZ,2020,24,24.997515662650603,0.6356
KONZ,2020,25,25.61763003533569,3.5402
KONZ,2020,26,23.502680538922156,12.9091
KONZ,2020,27,25.95750238095238,2.7015
KONZ,2020,28,26.134116077170418,5.1485
KONZ,2020,29,25.890776490066227,1.1036
KONZ,2020,30,26.340956756756757,0.8781
KONZ,2020,31,24.474553846153846,3.1346
KONZ,2020,32,21.572592261904763,6.4644
KONZ,2020,33,26.082021856287426,0.6608
KONZ,2020,34,23.385219701492538,0.927
KONZ,2020,35,26.82102095808383,0.5316
KONZ,2020,36,22.398990447761193,0.9909
KONZ,2020,37,17.83361856287425,4.3672
KONZ,2020,38,19.09611220238095,1.0341
KONZ,2020,39,19.768910670731707,0.3069
KONZ,2020,40,16.571322023809525,1.6456
KONZ,2020,41,18.3972023880597,0.9202
KONZ,2020,42,17.292170746268656,1.2867
KONZ,2020,43,8.81651369047619,12.062
KONZ,2020,44,2.2683632835820897,0.4064
KONZ,2020,45,14.046251351351351,0.8725
KONZ,2020,46,9.830920359281437,4.9405
KONZ,2020,47,12.343011711711712,0.948
KONZ,2020,48,6.167535628742515,0.8589
KONZ,2020,49,2.355370769230769,0.8201
KONZ,2020,50,6.592235223880597,0.5127
KONZ,2020,51,-0.9377649700598802,0.321
KONZ,2020,52,3.0268925149700596,1.5784
KONZ,2020,53,2.1685216666666665,2.5459
KONZ,2021,1,2.6213988023952095,0.6515
KONZ,2021,2,2.023357057057057,0.5489
KONZ,2021,3,2.4737823880597016,0.8018
KONZ,2021,4,-1.9000715355805244,0.5134
KONZ,2021,5,2.64611724137931,1.2393
KONZ,2021,6,-12.763822648083623,0.1807
KONZ,2021,7,-14.981126785714286,0.2877
KONZ,2021,8,4.229968468468469,1.2744
KONZ,2021,9,8.737001492537313,1.085
KONZ,2021,10,12.195137313432836,2.9559
KONZ,2021,11,6.78341051051051,0.5333
KONZ,2021,12,9.440577611940299,0.6383
KONZ,2021,13,10.159602678571428,1.1935
KONZ,2021,14,15.431495808383234,2.3044
KONZ,2021,15,9.50888511904762,1.2699
KONZ,2021,16,6.339382593856655,0.9015
KONZ,2021,17,17.944447734138972,3.9379
KONZ,2021,18,16.217086186186187,0.7395
KONZ,2021,19,13.565042559523809,10.6498
KONZ,2021,20,18.332316071428572,0.5481
KONZ,2021,21,20.043046268656717,1.838
KONZ,2021,22,16.66710508982036,0.30620000000000003
KONZ,2021,23,25.090625,8.0554
KONZ,2021,24,27.726594029850745,0.9116
KONZ,2021,25,25.80804969879518,2.6815
KONZ,2021,26,22.995557957957956,0.3713
KONZ,2021,27,25.13694072847682,0.3468
KONZ,2021,28,23.43323303030303,1.2011
KONZ,2021,29,24.357791964285713,0.666
KONZ,2021,30,28.210696428571428,2.5401
KONZ,2021,31,23.80727589285714,1.2353
KONZ,2021,32,27.893635472972974,9.8563
KONZ,2021,33,24.926964238410594,0.3759
KONZ,2021,34,27.846637226277373,6.9119
KONZ,2021,35,24.548100304878048,1.1142
KONZ,2021,36,23.21181886227545,1.6545
KONZ,2021,37,24.437806547619047,2.9675
KONZ,2021,38,20.148110729613734,0.8065
KONZ,2021,39,21.956522388059703,1.4376
KONZ,2021,40,19.064034083601285,1.4264
KONZ,2021,41,17.69505736196319,1.5589
KONZ,2021,42,14.007269811320755,0.8028
KONZ,2021,43,11.931161352657005,2.7814
KONZ,2021,44,7.6327068111455105,0.8532
KONZ,2021,45,11.412707666666666,0.6146
KONZ,2021,46,8.345059861591695,1.2162
KONZ,2021,47,6.5910903100775196,0.5663
KONZ,2021,48,10.732722222222222,0.4485
KONZ,2021,49,5.661554574132492,2.2261
KONZ,2021,50,5.663072580645161,1.5378
KONZ,2021,51,2.4422118032786884,0.8363
KONZ,2021,52,7.572477142857143,0.6675
KONZ,2021,53,-1.7950802083333333,1.2707
KONZ,2022,1,-8.14135463258786,0.8077
KONZ,2022,2,2.8226661585365855,0.7058
KONZ,2022,3,-3.82882578125,1.0884
KONZ,2022,4,-0.6330946708463949,0.49370000000000003
KONZ,2022,5,-0.9324827272727272,0.6561
KONZ,2022,6,4.581020068027211,0.8553
KONZ,2022,7,1.0562356435643565,1.4298
KONZ,2022,8,-4.58766948051948,0.4506
KONZ,2022,9,1.6408097222222222,0.6894
LENO,2017,1,4.395391666666667,0.3782
LENO,2017,29,29.39316,2.4373
LENO,2017,30,26.35121726190476,0.9283
LENO,2017,31,25.22256526946108,3.4203
LENO,2017,32,25.20095148809524,2.4889
LENO,2017,33,26.608139880952383,2.1398
LENO,2017,34,26.2610125,1.376
LENO,2017,35,24.40943005952381,8.0263
LENO,2017,36,22.19578511904762,1.8015
LENO,2017,37,20.417937457044673,0.5391
LENO,2017,38,25.25866514084507,2.3845
LENO,2017,40,22.745943835616437,1.3141
LENO,2017,41,24.115793859649123,0.4332
LENO,2017,42,19.183742857142857,0.4807
LENO,2017,43,16.277455357142856,0.578
LENO,2017,44,14.64057886904762,0.919
LENO,2017,45,17.663108059701493,0.2209
LENO,2017,46,13.470409523809524,0.461
LENO,2017,47,10.488949107142856,6.9641
LENO,2017,48,12.497543251533742,1.8548
LENO,2017,49,10.65276309148265,9.2181
LENO,2017,50,8.310675862068965,0.3337
LENO,2017,51,12.992910416666668,0.7899
LENO,2017,52,6.869563988095238,0.3814
LENO,2018,1,2.23374765625,0.2532
LENO,2018,2,10.038699702380953,1.9217
LENO,2018,3,-0.7951706586826347,0.8189
LENO,2018,4,10.404055357142857,2.0092
LENO,2018,5,10.58607619047619,2.4569
LENO,2018,6,9.795212797619048,4.9049
LENO,2018,7,15.756388145896656,1.7299
LENO,2018,8,20.443795535714287,2.3211
LENO,2018,9,17.973735119047618,11.9155
LENO,2018,10,12.331549702380952,1.4042
LENO,2018,11,11.560900598802395,1.1511
LENO,2018,12,15.975228059701493,0.8611
LENO,2018,13,18.291971726190475,11.5186
LENO,2018,14,16.613733928571428,1.2924
LENO,2018,15,15.144797321428571,0.6838
LENO,2018,16,15.457727409638554,2.964
LENO,2018,17,16.99543074204947,0.6272
LENO,2018,18,20.000611011904763,0.952
LENO,2018,19,21.468075965665236,1.5559
LENO,2018,20,24.15777743902439,5.0598
LENO,2018,21,24.088435416666666,2.5735
LENO,2018,22,24.709275595238097,1.7679
LENO,2018,23,25.443176576576576,1.503
LENO,2018,24,23.793567128027682,3.5439
LENO,2018,25,26.799631775700934,1.9482
LENO,2018,26,27.33569079754601,6.1277
LENO,2018,27,26.501078678678677,0.9032
LENO,2018,28,26.27766295180723,5.1123
LENO,2018,29,26.034053293413173,7.3505
LENO,2018,30,27.397754464285715,1.0193
LENO,2018,31,25.755770481927712,2.2628
LENO,2018,32,26.778411011904762,1.8906
LENO,2018,33,26.18452222222222,5.1828
LENO,2018,34,24.811307462686568,7.7542
LENO,2018,35,25.91339268292683,2.4971
LENO,2018,37,27.05133097345133,0.1933
LENO,2018,38,27.45844494047619,1.4283
LENO,2018,39,24.73725505952381,2.5481
LENO,2018,40,24.752980654761906,1.8112
LENO,2018,41,23.20523005952381,1.0306
LENO,2018,42,19.87157142857143,0.4259
LENO,2018,43,16.055883035714285,3.5331
LENO,2018,44,17.730962101910826,1.2501
LENO,2018,45,15.938501506024096,0.6538
LENO,2018,46,6.604218452380953,0.657
LENO,2018,47,9.29540386904762,0.8155
LENO,2018,48,10.582127027027028,0.5036
LENO,2018,49,11.234590178571429,0.8569
LENO,2018,50,8.366305988023953,0.9299
LENO,2018,51,10.162256845238096,0.6778
LENO,2018,52,11.724523404255319,1.015
LENO,2019,1,15.3611390625,1.0307
LENO,2019,2,10.206890773809524,1.0749
LENO,2019,3,8.0928625,0.2859
LENO,2019,4,7.6164573573573575,4.4687
LENO,2019,5,6.789866369047619,0.7641
LENO,2019,6,17.177688692579505,1.0462
LENO,2019,7,12.969842783505154,0.5222
LENO,2019,8,14.824212804878048,5.6049
LENO,2019,9,16.79777261904762,2.7661
LENO,2019,10,11.575777165354332,0.4193
LENO,2019,11,17.755095238095237,1.5581
LENO,2019,12,11.817582142857143,0.6414
LENO,2019,13,15.081440178571428,4.3657
LENO,2019,14,14.074279166666667,2.0072
LENO,2019,15,21.222469047619047,2.787
LENO,2019,16,17.500162202380952,1.4528
LENO,2019,17,17.59459642857143,1.629
LENO,2019,18,21.527072835820896,1.663
LENO,2019,19,21.206683076923078,10.8393
LENO,2019,20,21.544808641975308,0.5509
LENO,2019,21,24.46998811188811,3.657
LENO,2019,22,26.612477083333335,1.2671
LENO,2019,23,25.987753273809524,6.0491
LENO,2019,24,23.784440773809525,0.7089
LENO,2019,25,26.074134226190477,3.8882
LENO,2019,26,26.993547770700637,11.5024
LENO,2019,27,27.07609101796407,0.5608
LENO,2019,28,28.182186607142857,3.0972
LENO,2019,29,26.59070895522388,0.8589
LENO,2019,30,24.772886904761904,0.4463
LENO,2019,31,25.84773575757576,1.5476
LENO,2019,32,26.819808035714285,0.888
LENO,2019,33,27.976863392857144,4.0251
LENO,2019,34,26.682541747572817,0.8843
LENO,2019,35,25.604747315436242,4.2535
LENO,2019,36,26.86930843373494,2.1081
LENO,2019,37,27.815792857142856,2.6736
LENO,2019,38,27.567001488095237,1.0858
LENO,2019,39,26.26563383233533,1.2113
LENO,2019,40,27.53853363095238,3.2098
LENO,2019,41,23.82885,1.0806
LENO,2019,42,16.53670982142857,0.3076
LENO,2019,43,17.27074255952381,0.5424
LENO,2019,44,15.527703869047619,0.9796
LENO,2019,45,12.824200892857142,0.6434
LENO,2019,46,6.796368452380952,8.3456
LENO,2019,47,10.914984821428572,0.9495
LENO,2019,48,13.631538095238096,0.686
LENO,2019,49,10.916787202380952,3.9761
LENO,2019,50,11.760805952380952,3.3522
LENO,2019,51,9.505330357142856,0.5964
LENO,2019,52,13.314392261904763,0.412
LENO,2020,1,11.621484895833333,0.8408
LENO,2020,2,11.690336417910448,0.7866
LENO,2020,3,16.997332198142416,0.9492
LENO,2020,4,7.435114583333333,0.2219
LENO,2020,5,8.68605119047619,0.5958
LENO,2020,6,12.900475,2.1743
LENO,2020,7,14.636226666666667,1.2834
LENO,2020,27,30.931413333333335,0.0694
LENO,2020,28,24.47222852233677,6.6137
LENO,2020,29,25.614290839694657,3.47
LENO,2020,30,27.334387500000002,0.2147
LENO,2020,31,25.792431845238095,3.2478
LENO,2020,32,26.375534337349396,0.6392
LENO,2020,33,26.923121202531647,4.0336
LENO,2020,34,25.3974311627907,3.0792
LENO,2020,35,25.45875294117647,3.3556
LENO,2020,36,26.74801238095238,2.042
LENO,2020,37,25.64348363095238,0.4198
LENO,2020,38,25.03791584158416,1.4973
LENO,2020,39,21.937078620689654,0.1449
LENO,2020,40,19.689119345238094,0.8981
LENO,2020,41,19.841436746987952,0.8226
LENO,2020,42,21.11603701492537,0.6322
LENO,2020,43,19.84646279863481,0.3655
LENO,2020,44,19.79774827586207,0.2961
LENO,2020,45,16.17855871559633,0.6456
LENO,2020,46,19.7047125,0.4993
LENO,2020,47,13.187036904761905,1.7072
LENO,2020,48,15.099045238095238,1.1134
LENO,2020,49,9.3481040625,0.5858
LENO,2020,50,8.898505295950155,0.6915
LENO,2020,51,9.17545,1.06
LENO,2020,52,8.709282317073171,0.8495
LENO,2020,53,10.08508625,0.679
LENO,2021,1,8.328213095238095,0.5835
LENO,2021,2,4.7539671875,0.7864
LENO,2021,3,9.957170238095237,0.8897
LENO,2021,4,12.845522321428572,1.8923
LENO,2021,5,8.913308928571428,0.7663
LENO,2021,6,9.926635365853658,1.5219
LENO,2021,7,0.18516957928802588,0.3206
LENO,2021,8,12.970136335403726,0.8582
LENO,2021,9,14.736097597597597,1.1524
LENO,2021,10,14.699983734939758,1.3192
LENO,2021,11,18.408840625,0.5877
LENO,2021,12,16.536789583333334,0.5246
LENO,2021,13,16.033965773809523,8.9011
LENO,2021,14,17.605938095238095,1.199
LENO,2021,15,17.801883035714287,3.5819
LENO,2021,16,14.957083832335329,0.666
LENO,2021,17,20.59814732142857,3.0154
LENO,2021,18,21.47668326848249,3.2268
LENO,2021,19,19.3633726443769,0.8878
LENO,2021,20,21.898993154761904,0.6084
LENO,2021,21,24.257358333333332,2.0077
LENO,2021,22,21.90061141141141,0.855
LENO,2021,23,24.001687202380953,3.0262
LENO,2021,24,25.509994345238095,7.7835
LENO,2021,25,24.713971726190476,3.4924
LENO,2021,26,25.09311686746988,4.0627
LENO,2021,27,24.657424404761905,2.7036
LENO,2021,28,24.17966776119403,7.8697
LENO,2021,29,24.980619047619047,2.3834
LENO,2021,30,27.833964583333334,1.0521
LENO,2021,31,25.98820595238095,0.5537
LENO,2021,32,26.263715476190477,2.8508
LENO,2021,33,26.082736607142856,2.0866
LENO,2021,34,26.746872321428572,4.1455
LENO,2021,35,24.96616328358209,7.0708
LENO,2021,36,24.385739285714287,0.8891
LENO,2021,37,23.508452923076923,0.4717
LENO,2021,38,22.026146686746987,4.1648
LENO,2021,39,21.09544136904762,0.759
LENO,2021,40,22.543967857142857,1.3789
LENO,2021,41,23.093358035714285,0.695
LENO,2021,42,18.110442261904762,0.7501
LENO,2021,43,17.56530982142857,1.013
LENO,2021,44,12.611462686567164,0.3408
LENO,2021,45,12.836049107142857,0.8061
LENO,2021,46,12.657700371747213,0.7901
LENO,2021,48,12.763899043062201,0.6428
LENO,2021,49,14.260191666666667,2.5535
LENO,2021,50,14.515250892857143,6.8723
LENO,2021,51,10.314464285714285,1.804
LENO,2021,52,20.73760451388889,5.012
LENO,2021,53,18.579084375,0.4437
LENO,2022,1,10.10921377245509,1.5204
LENO,2022,2,8.802339583333334,0.9223
LENO,2022,3,6.55677012195122,2.2738
LENO,2022,4,5.281556547619048,1.1595
LENO,2022,5,10.003149850746269,0.8611
LENO,2022,6,6.894399402985075,1.2041
LENO,2022,7,11.299762202380952,2.2802
LENO,2022,8,15.437867857142857,3.801
LENO,2022,9,8.739593055555556,0.3119
LENO,2022,52,22.02184375,0.117
ORNL,2015,43,13.624641176470588,0.2436
ORNL,2015,44,17.07922113095238,0.3728
ORNL,2015,45,12.717366666666667,0.7746
ORNL,2015,46,11.403127544910179,1.526
ORNL,2015,47,8.205175595238096,3.0486
ORNL,2015,48,11.643020833333333,0.2452
ORNL,2015,49,9.986972155688623,1.0295
ORNL,2015,50,13.166547916666667,2.7296
ORNL,2015,51,10.733500892857142,0.5565
ORNL,2015,52,16.856898326359833,0.3768
ORNL,2016,1,3.1307008955223883,0.4413
ORNL,2016,2,1.4898874100719424,0.6581
ORNL,2016,4,7.550638461538462,0.1152
ORNL,2016,5,10.943608040201005,0.5028
ORNL,2016,6,4.669974615384615,0.7019
ORNL,2016,52,5.5828702127659575,0.0657
ORNL,2017,1,1.1522979166666667,0.3167
ORNL,2017,24,21.444448,0.1482
ORNL,2017,25,23.417069642857143,0.8476
ORNL,2017,26,21.72814494047619,1.8342
ORNL,2017,27,22.86959880597015,3.3141
ORNL,2017,28,24.77898005952381,3.7225
ORNL,2017,29,24.38065087719298,1.4004
ORNL,2017,31,24.085012105263157,1.9175
ORNL,2017,32,22.011800595238096,5.6703
ORNL,2017,33,24.641381468531467,4.2239
ORNL,2017,34,24.377055357142858,1.5234
ORNL,2017,35,21.639857142857142,0.7158
ORNL,2017,36,17.69026607142857,0.7274
ORNL,2017,37,17.67097976190476,0.2563
ORNL,2017,38,22.320911971830984,1.0016
ORNL,2017,40,20.338509375,2.6419
ORNL,2017,41,21.176272471910114,0.971
ORNL,2017,42,15.76929494047619,3.0337
ORNL,2017,43,14.029075,1.5122
ORNL,2017,44,10.366696385542168,0.8221
ORNL,2017,45,14.381902678571429,0.3475
ORNL,2017,46,8.77515744047619,0.5433
ORNL,2017,47,7.539178629032258,1.8117
ORNL,2017,48,10.905615773809524,2.8927
ORNL,2017,49,8.279043452380952,2.5526
ORNL,2017,50,1.8827116071428571,0.3842
ORNL,2017,51,7.440229761904762,0.3622
ORNL,2017,52,1.6603133928571427,0.637
ORNL,2018,1,-3.15495078125,0.2475
ORNL,2018,2,3.591287125748503,6.2156
ORNL,2018,3,-4.91178244047619,0.7855
ORNL,2018,4,7.495866964285714,1.1343
ORNL,2018,5,5.073938988095238,0.5816
ORNL,2018,6,2.3082910714285716,0.8727
ORNL,2018,7,10.521930952380952,1.0942
ORNL,2018,8,15.562916369047619,4.904
ORNL,2018,9,12.047643413173653,2.5876
ORNL,2018,10,5.962325,0.3815
ORNL,2018,11,7.195334131736527,0.5246
ORNL,2018,12,9.431654166666666,0.4913
ORNL,2018,13,11.38986369047619,3.8442
ORNL,2018,14,12.847538699690402,3.8798
ORNL,2018,15,10.268615773809524,0.7137
ORNL,2018,16,12.053925892857142,3.0971
ORNL,2018,17,13.555181388012619,0.8783
ORNL,2018,18,21.31296971153846,0.495
ORNL,2018,19,19.9881,1.6805
ORNL,2018,20,21.325554545454544,1.3766
ORNL,2018,21,23.962896261682243,2.2224
ORNL,2018,22,21.91954523809524,1.0984
ORNL,2018,23,23.84154420289855,2.1065
ORNL,2018,24,23.897982738095237,2.1913
ORNL,2018,25,25.368254464285716,2.6529
ORNL,2018,26,21.82428591065292,2.5276
ORNL,2018,27,26.477410271903324,5.544
ORNL,2018,28,24.874221987951806,1.0481
ORNL,2018,29,25.023266071428573,1.7459
ORNL,2018,30,22.88367232142857,3.5197
ORNL,2018,31,22.653998214285714,0.9234
ORNL,2018,32,24.265724404761905,2.9329
ORNL,2018,33,23.963561309523808,2.717
ORNL,2018,34,22.699313432835822,1.1371
ORNL,2018,35,24.77879099099099,0.6015
ORNL,2018,36,25.000293154761906,0.8315
ORNL,2018,37,23.52602042042042,1.0796
ORNL,2018,38,24.207055654761906,3.1903
ORNL,2018,39,21.284796726190475,0.9554
ORNL,2018,40,22.645321726190478,1.0007
ORNL,2018,41,22.179623123123122,0.8017
ORNL,2018,42,13.69921994047619,0.3747
ORNL,2018,43,10.221635888501742,0.8161
ORNL,2018,44,13.992728260869566,0.4454
ORNL,2018,45,10.707707490636704,0.4467
ORNL,2018,46,3.896921726190476,0.321
ORNL,2018,47,7.837618461538462,0.6818
ORNL,2018,48,3.0109692771084338,0.5251
ORNL,2018,49,6.74081369047619,0.2788
ORNL,2018,50,4.449442261904762,0.4792
ORNL,2018,51,7.643026013513514,0.8334
ORNL,2018,52,5.221281333333334,0.8069
ORNL,2019,1,11.833658072916666,0.8134
ORNL,2019,2,7.0098770833333335,0.5172
ORNL,2019,3,3.1242520833333334,0.0709
ORNL,2019,4,1.4011080357142858,1.3194
ORNL,2019,5,0.7735276785714286,0.5039
ORNL,2019,6,12.775525531914894,3.1206
ORNL,2019,7,5.9978074404761905,0.7764
ORNL,2019,8,5.831299702380952,0.3563
ORNL,2019,9,10.48338511904762,0.693
ORNL,2019,10,1.6711752976190477,0.5385
ORNL,2019,11,12.692269345238095,0.4568
ORNL,2019,12,8.207747023809524,1.2215
ORNL,2019,13,12.27104880239521,1.0012
ORNL,2019,14,11.596693113772455,0.7195
ORNL,2019,15,19.168616216216215,0.4967
ORNL,2019,16,17.897863448275864,5.6138
ORNL,2019,17,16.00077177177177,0.4834
ORNL,2019,18,20.608439047619047,0.9579
ORNL,2019,19,19.786839583333332,1.0503
ORNL,2019,20,17.308108630952383,1.2145
ORNL,2019,21,24.13315165165165,1.2352
ORNL,2019,22,25.31454732142857,0.8459
ORNL,2019,23,21.93591330472103,0.7231
ORNL,2019,24,19.9746625,1.0134
ORNL,2019,25,22.528404464285714,1.8889
ORNL,2019,26,23.499997611940298,6.1551
ORNL,2019,27,24.956317857142857,4.1302
ORNL,2019,28,25.6570776119403,2.3224
ORNL,2019,29,24.8754223880597,3.7935
ORNL,2019,30,23.042275297619046,2.1081
ORNL,2019,31,24.389847321428572,3.0332
ORNL,2019,32,23.91631011904762,1.3053
ORNL,2019,33,25.56613873873874,6.0733
ORNL,2019,34,25.98270386904762,2.912
ORNL,2019,35,21.843099701492537,0.7093
ORNL,2019,36,25.0419,2.1281
ORNL,2019,37,25.67902380952381,1.1941
ORNL,2019,38,25.22712125748503,1.7302
ORNL,2019,39,23.325223582089553,1.7461
ORNL,2019,40,26.94306369047619,1.1937
ORNL,2019,41,19.571169642857143,1.967
ORNL,2019,42,13.688720833333333,1.0099
ORNL,2019,43,13.747275297619048,1.012
ORNL,2019,44,14.276512202380953,7.4954
ORNL,2019,45,8.824858484848486,0.9919
ORNL,2019,46,4.617753571428572,0.4854
ORNL,2019,47,8.92026130952381,0.6012
ORNL,2019,48,8.274331231231232,0.5027
ORNL,2019,49,6.874711044776119,0.3787
ORNL,2019,50,6.418335714285714,0.2957
ORNL,2019,51,5.95877223880597,2.2807
ORNL,2019,52,10.573347619047619,0.6611
ORNL,2020,1,6.1917583333333335,0.384
ORNL,2020,2,7.696415820895522,1.3755
ORNL,2020,3,12.445306845238095,0.8599
ORNL,2020,4,1.0288267857142857,0.4817
ORNL,2020,5,5.340744642857143,0.301
ORNL,2020,6,9.974025297619047,1.3488
ORNL,2020,7,5.4517372023809525,0.793
ORNL,2020,8,5.809148809523809,0.5917
ORNL,2020,9,5.222198809523809,0.3583
ORNL,2020,10,8.72119756097561,0.4897
ORNL,2020,11,12.184072023809524,0.4173
ORNL,2020,12,12.882797023809523,0.6203
ORNL,2020,13,13.328220535714285,0.7719
ORNL,2020,14,14.636058333333333,1.3612
ORNL,2020,15,17.924451796407187,2.0202
ORNL,2020,16,10.680885714285715,1.0316
ORNL,2020,17,13.479150892857144,0.8744
ORNL,2020,18,13.261413988095239,1.8908
ORNL,2020,19,15.89033880597015,1.8198
ORNL,2020,20,13.166038988095238,0.6963
ORNL,2020,21,18.626666964285715,0.4199
ORNL,2020,22,21.72889910714286,2.1033
ORNL,2020,23,22.23037619047619,0.4974
ORNL,2020,24,24.17924985074627,6.2514
ORNL,2020,25,19.8359125,2.6396
ORNL,2020,26,22.76853005952381,1.7971
ORNL,2020,27,23.031533333333332,1.0999
ORNL,2020,28,25.767461904761905,1.4892
ORNL,2020,29,26.049324404761904,1.0616
ORNL,2020,30,26.3280875,2.5303
ORNL,2020,31,24.51400119047619,2.8335
ORNL,2020,32,23.28486845238095,0.7594
ORNL,2020,33,24.850475892857144,2.1269
ORNL,2020,34,23.15974464285714,2.2444
ORNL,2020,35,23.883495833333335,0.7028
ORNL,2020,36,24.318045238095237,3.0332
ORNL,2020,37,23.298148214285714,1.2974
ORNL,2020,38,22.602302686567164,2.0465
ORNL,2020,39,16.2399625,1.4648
ORNL,2020,40,16.73965535714286,0.8069
ORNL,2020,41,16.67174226190476,1.4095
ORNL,2020,42,17.370891616766468,0.5939
ORNL,2020,43,17.012958841463416,0.6917
ORNL,2020,44,17.04599343283582,0.2023
ORNL,2020,45,10.773538988095238,0.7636
ORNL,2020,46,17.716529761904763,1.3853
ORNL,2020,47,10.28416994047619,1.1729
ORNL,2020,48,11.377925297619047,1.1647
ORNL,2020,49,4.897649404761905,0.6785
ORNL,2020,50,5.764066369047619,1.2732
ORNL,2020,51,5.601472321428571,0.2824
ORNL,2020,52,4.403509226190476,1.9052
ORNL,2020,53,3.113989166666667,0.7754
ORNL,2021,1,5.163790476190476,0.5718
ORNL,2021,2,1.5611288524590163,0.825
ORNL,2021,3,3.9286574404761905,0.4557
ORNL,2021,4,4.8632446428571425,0.3419
ORNL,2021,5,1.2844723214285714,0.31
ORNL,2021,6,5.321077678571428,0.6667
ORNL,2021,7,-0.027774702380952386,0.397
ORNL,2021,8,8.02201104477612,0.4255
ORNL,2021,9,10.209369345238095,0.9847
ORNL,2021,10,11.772481547619048,0.5161
ORNL,2021,11,12.759432738095239,0.4403
ORNL,2021,12,14.730398511904761,0.6953
ORNL,2021,13,10.780585119047618,1.1884
ORNL,2021,14,16.88245267857143,0.5093
ORNL,2021,15,15.95815119047619,0.6093
ORNL,2021,16,11.30006369047619,1.3044
ORNL,2021,17,17.008682142857143,0.8749
ORNL,2021,18,16.520663496932514,2.3867
ORNL,2021,19,14.299842261904763,5.0654
ORNL,2021,20,20.259674107142857,0.9285
ORNL,2021,21,24.024425595238096,5.0554
ORNL,2021,22,17.887886607142857,0.4323
ORNL,2021,23,22.638591666666667,0.4128
ORNL,2021,24,23.751012727272727,8.3923
ORNL,2021,25,22.757802976190476,8.7502
ORNL,2021,26,24.505712275449103,0.8384
ORNL,2021,27,23.546848214285713,1.5248
ORNL,2021,28,23.499097619047618,2.7378
ORNL,2021,29,23.353414880952382,3.4147
ORNL,2021,30,25.92551994047619,0.7135
ORNL,2021,31,23.117720720720722,1.8473
ORNL,2021,32,24.44673630952381,0.917
ORNL,2021,33,23.301735329341316,2.6187
ORNL,2021,34,25.604554166666667,2.251
ORNL,2021,35,23.417074925373136,0.8189
ORNL,2021,36,21.81012994011976,0.3624
ORNL,2021,37,22.364267857142856,0.7252
ORNL,2021,38,18.901865765765766,1.6255
ORNL,2021,39,19.684088988095237,0.9121
ORNL,2021,40,20.28036517857143,2.3676
ORNL,2021,41,20.159118018018017,0.9945
ORNL,2021,42,14.712125892857143,0.8361
ORNL,2021,43,12.534696726190477,1.7196
ORNL,2021,44,11.032642335766424,0.3923
ORNL,2021,46,10.01822072072072,0.8569
ORNL,2021,47,6.0025997023809525,0.6069
ORNL,2021,48,8.5071875,0.5383
ORNL,2021,49,13.829443382352942,0.399
ORNL,2021,53,10.42465,0.1006
ORNL,2022,2,6.19158556701031,0.3135
ORNL,2022,3,1.0951203278688524,0.3019
ORNL,2022,4,1.437149404761905,0.4797
ORNL,2022,5,4.290694925373134,1.004
ORNL,2022,6,4.982776488095238,1.1269
ORNL,2022,7,7.393632440476191,0.6235
ORNL,2022,8,8.553519760479041,1.1178
ORNL,2022,9,4.256970138888889,0.3199
OSBS,2014,35,26.429576237623763,0.973
OSBS,2014,36,26.429167164179105,7.1933
OSBS,2014,37,25.210804776119403,0.6061
OSBS,2014,38,25.243256547619048,3.242
OSBS,2014,39,22.37658776119403,1.9071
OSBS,2014,40,24.098235582822085,2.5406
OSBS,2014,41,22.607512202380953,0.5311
OSBS,2014,42,22.988311641791046,5.2153
OSBS,2014,43,20.138369253731344,1.2064
OSBS,2014,44,20.73697343283582,1.1261
OSBS,2014,45,15.474137425149701,0.5519
OSBS,2014,46,16.41933273809524,0.4486
OSBS,2014,47,11.750945896656535,4.4153
OSBS,2014,48,16.377729166666665,0.419
OSBS,2014,49,15.400101657458563,0.5205
OSBS,2014,50,9.965522123893805,0.9072
OSBS,2014,51,13.06883115942029,2.7506
OSBS,2014,52,17.455465168539327,1.2052
OSBS,2014,53,18.88878115183246,0.6602
OSBS,2015,1,13.037492537313433,3.4123
OSBS,2015,2,11.917348821548822,0.6438
OSBS,2015,4,15.140899999999998,0.0989
OSBS,2015,5,12.827246486486487,0.6567
OSBS,2015,6,12.41419268292683,2.8333
OSBS,2015,7,12.356204901960783,1.6512
OSBS,2015,8,14.251857534246575,0.6536
OSBS,2015,9,17.118787197231836,1.0973
OSBS,2015,10,18.701025776397515,2.0944
OSBS,2015,13,23.219121875,0.2351
OSBS,2015,14,22.261576488095237,0.8949
OSBS,2015,15,22.0919376119403,6.852
OSBS,2015,16,22.093631140350876,11.4311
OSBS,2015,18,22.566658928571428,2.599
OSBS,2015,19,25.010869047619046,3.8756
OSBS,2015,20,24.70762035928144,5.2714
OSBS,2015,21,24.86484970238095,0.2904
OSBS,2015,22,24.47397875,1.6786
OSBS,2015,23,25.33513005952381,2.4604
OSBS,2015,24,28.089178273809523,4.3858
OSBS,2015,25,26.75098630952381,10.2678
OSBS,2015,26,25.841475,18.2569
OSBS,2015,27,25.930786904761906,9.1528
OSBS,2015,28,26.480396130952382,7.5995
OSBS,2015,29,26.277959925093633,7.3425
OSBS,2015,45,20.60337090909091,0.6008
OSBS,2015,46,26.81898,0.8921
OSBS,2015,53,13.513160416666667,0.2215
OSBS,2016,10,23.137085454545453,0.4987
OSBS,2016,11,22.400020238095237,2.1952
OSBS,2016,12,18.637464285714287,2.4934
OSBS,2016,13,22.702346583850932,0.7939
OSBS,2016,14,20.499331547619047,0.9252
OSBS,2016,15,20.015852678571427,1.4189
OSBS,2016,16,20.460236826347305,4.1213
OSBS,2016,17,23.49946011904762,1.37
OSBS,2016,18,23.678079761904762,1.7624
OSBS,2016,19,23.724630555555557,3.0498
OSBS,2016,20,25.229430392156864,2.2265
OSBS,2016,21,25.268782905982906,0.365
OSBS,2016,22,26.741304024767803,8.8408
OSBS,2016,23,27.291948511904764,8.5953
OSBS,2016,24,27.814187202380953,5.3914
OSBS,2016,25,26.391857657657656,3.3111
OSBS,2016,26,27.883992835820894,4.276
OSBS,2016,27,28.961536309523808,3.2471
OSBS,2016,28,28.482825297619048,5.7384
OSBS,2016,29,27.38899589041096,2.4444
OSBS,2016,30,29.76871875,1.9029
OSBS,2016,31,27.33950119047619,8.3632
OSBS,2016,32,26.434033035714286,1.7956
OSBS,2016,33,27.884136633663367,2.3967
OSBS,2016,34,28.640734153846154,1.5162
OSBS,2016,35,26.458280126182967,4.5347
OSBS,2016,36,25.950207843137253,2.1414
OSBS,2016,37,26.08529,0.9947
OSBS,2016,38,26.82173588235294,0.6173
OSBS,2017,1,8.011636363636363,0.0867
OSBS,2017,24,24.2296,3.25
OSBS,2017,25,25.886727976190475,4.1119
OSBS,2017,26,26.329530357142858,3.3313
OSBS,2017,27,27.215174404761903,9.5204
OSBS,2017,28,26.160238392857142,2.9926
OSBS,2017,29,26.438810714285715,1.4567
OSBS,2017,30,26.56520625,7.4225
OSBS,2017,31,25.30929641791045,1.6972
OSBS,2017,32,26.98504732142857,2.8324
OSBS,2017,33,26.766047157190634,1.4746
OSBS,2017,34,27.061285119047618,4.7138
OSBS,2017,35,25.910783532934133,2.5679
OSBS,2017,36,25.251850606060607,0.9898
OSBS,2017,37,23.824680198019802,1.5447
OSBS,2017,38,26.648035185185186,0.3556
OSBS,2017,40,24.194420512820514,0.1526
OSBS,2017,41,25.451591785714285,0.3388
OSBS,2017,42,22.46417152777778,0.5558
OSBS,2017,43,19.552286234817814,0.3665
OSBS,2017,44,18.46209587628866,2.0228
OSBS,2017,45,20.822834782608695,0.8142
OSBS,2017,46,16.27228961038961,0.3966
OSBS,2017,47,16.84835644599303,0.4802
OSBS,2017,48,17.64157950310559,1.558
OSBS,2017,49,17.353466339869282,0.4026
OSBS,2017,50,9.927836514522822,0.6762
OSBS,2017,51,18.222079677419355,2.5702
OSBS,2017,52,13.757056390977443,0.6706
OSBS,2018,1,12.228830660377358,0.35
OSBS,2018,2,12.361019615384615,0.7423
OSBS,2018,3,8.272085140562249,2.0618
OSBS,2018,4,13.266085501858736,1.1951
OSBS,2018,5,14.022691914893617,1.2237
OSBS,2018,6,15.654621568627451,0.8781
OSBS,2018,7,18.72393020134228,0.3177
OSBS,2018,8,20.39132304526749,0.341
OSBS,2018,9,20.51862213740458,0.3705
OSBS,2018,10,13.598065714285715,1.0379
OSBS,2018,11,14.037071153846155,0.7009
OSBS,2018,12,16.723029383886256,0.432
OSBS,2018,13,17.092636929460582,3.8734
OSBS,2018,14,19.13598357142857,0.5594
OSBS,2018,15,17.33306842105263,0.3079
OSBS,2018,16,18.49355046728972,0.4962
OSBS,2018,17,19.439177368421053,0.2916
OSBS,2018,18,20.000102083333335,0.6147
OSBS,2018,19,23.359523278688524,1.0907
OSBS,2018,20,22.25107327586207,0.5381
OSBS,2018,21,23.65266926229508,0.1971
OSBS,2018,22,24.01440157068063,0.8558
OSBS,2018,23,24.51714,0.3228
OSBS,2018,24,25.121871884984024,1.7443
OSBS,2018,25,26.120328873239437,2.1818
OSBS,2018,26,26.495598615916954,0.9757
OSBS,2018,27,25.353509842519685,0.6026
OSBS,2018,28,26.633101904761904,0.9598
OSBS,2018,29,25.937205597014927,0.4719
OSBS,2018,30,26.231254464285715,0.8345
OSBS,2018,31,25.792993227091632,0.7581
OSBS,2018,32,26.88943024911032,0.3424
OSBS,2018,33,25.899674038461537,0.7912
OSBS,2018,34,26.346752786885247,0.9559
OSBS,2018,35,25.113171672354948,1.2616
OSBS,2018,36,25.292379116465863,1.7468
OSBS,2018,37,26.545071732522796,1.2366
OSBS,2018,38,27.418887837837836,2.0227
OSBS,2018,39,26.360309615384615,0.8286
OSBS,2018,40,24.982265051903113,0.7818
OSBS,2018,41,24.299186363636363,0.2076
OSBS,2018,42,25.162537272727274,0.4591
OSBS,2018,43,20.795509929078015,0.6378
OSBS,2018,44,19.319901465201465,1.0037
OSBS,2018,45,21.68714819672131,0.5569
OSBS,2018,46,19.157956928838953,0.2696
OSBS,2018,47,16.131625239616614,0.2921
OSBS,2018,48,14.660846887966805,0.5706
OSBS,2018,49,15.219787179487179,0.3889
OSBS,2018,50,11.935812195121951,0.3232
OSBS,2018,51,14.077827731092437,2.1885
OSBS,2018,52,13.947441025641025,0.904
OSBS,2019,1,21.098066773162937,1.0441
OSBS,2019,2,13.511283393501804,0.5475
OSBS,2019,3,12.34034131147541,0.5595
OSBS,2019,4,10.634002590673575,0.693
OSBS,2019,5,9.493780442804429,1.1103
OSBS,2019,6,17.680411782477343,1.0239
OSBS,2019,7,16.20964124087591,0.5557
OSBS,2019,8,20.202929602888087,1.8006
OSBS,2019,9,18.809595985401458,0.796
OSBS,2019,10,14.8989063670412,0.5755
OSBS,2019,11,20.512029411764708,1.0846
OSBS,2019,12,14.930324014336918,1.1916
OSBS,2019,13,16.885527814569535,0.9276
OSBS,2019,14,16.24885843137255,0.9252
OSBS,2019,15,21.701902611940298,0.6855
OSBS,2019,16,21.250280597014925,0.6665
OSBS,2019,17,20.4158554770318,0.9029
OSBS,2019,18,21.93017701149425,0.8421
OSBS,2019,19,23.773542599277977,2.2416
OSBS,2019,20,23.652035353535354,0.4993
OSBS,2019,21,25.138118685121107,0.3499
OSBS,2019,22,27.36252893081761,3.8463
OSBS,2019,23,27.086216883116883,1.9879
OSBS,2019,24,24.116341577060933,1.3381
OSBS,2019,25,25.14052676056338,1.8208
OSBS,2019,26,28.234230914826497,0.4225
OSBS,2019,27,26.976442405063292,2.6904
OSBS,2019,28,25.833029617834395,0.877
OSBS,2019,29,27.458601834862385,3.3331
OSBS,2019,30,25.000932,1.0804
OSBS,2019,31,25.484758566978194,0.8989
OSBS,2019,32,26.797391950464394,2.1316
OSBS,2019,33,27.089423255813955,1.0798
OSBS,2019,34,25.87988051948052,1.437
OSBS,2019,35,26.42112553846154,0.9645
OSBS,2019,36,26.862881180811808,1.9926
OSBS,2019,37,27.11915592105263,1.0117
OSBS,2019,38,25.571892459016393,2.5103
OSBS,2019,39,25.409426101694915,0.708
OSBS,2019,40,25.22201974522293,2.477
OSBS,2019,41,23.52183725490196,0.7916
OSBS,2019,42,22.695091875,0.4416
OSBS,2019,43,22.407530152671757,0.2556
OSBS,2019,44,23.89666360544218,0.5294
OSBS,2019,45,20.060539449541285,0.2688
OSBS,2019,46,15.031812847222222,0.56
OSBS,2019,47,13.708752040816327,2.2153
OSBS,2019,48,17.3616098540146,1.42
OSBS,2019,49,13.130552290076336,1.927
OSBS,2019,50,17.86706896551724,2.1824
OSBS,2019,51,14.640470955882353,0.4264
OSBS,2019,52,16.43757962264151,0.289
OSBS,2020,1,15.890875438596492,0.3601
OSBS,2020,2,13.808944814814815,0.9382
OSBS,2020,3,21.166618531468533,1.237
OSBS,2020,4,12.950414107883818,0.3151
OSBS,2020,5,12.946748942598187,0.3592
OSBS,2020,6,15.035351037344398,1.4227
OSBS,2020,7,17.142326132404182,0.9744
OSBS,2020,8,17.435374137931035,1.2273
OSBS,2020,9,13.509563138686131,0.8381
OSBS,2020,10,15.932918468468468,0.4565
OSBS,2020,11,17.484228145695365,0.6216
OSBS,2020,12,22.625240716612378,1.5573
OSBS,2020,13,23.02158178807947,1.0948
OSBS,2020,14,21.542534098360655,1.0017
OSBS,2020,15,21.496463356164384,2.0761
OSBS,2020,16,20.863541346153845,3.8875
OSBS,2020,22,24.139686,1.2092
OSBS,2020,23,24.38321921824104,3.196
OSBS,2020,24,25.25041842900302,0.5953
OSBS,2020,25,24.074135294117646,2.9403
OSBS,2020,26,26.872366465256796,1.4713
OSBS,2020,27,27.253723076923077,0.8761
OSBS,2020,28,26.00785709876543,3.0629
OSBS,2020,29,27.619220061728395,2.2416
OSBS,2020,30,26.943677740863787,0.9425
OSBS,2020,31,26.47171072555205,1.3713
OSBS,2020,32,27.695787943262413,0.7414
OSBS,2020,33,26.674344444444444,1.5983
OSBS,2020,34,25.82920606060606,2.0708
OSBS,2020,35,26.788374098360656,0.903
OSBS,2020,36,26.80534578313253,1.4748000000000001
OSBS,2020,37,26.313130211480363,1.6805
OSBS,2020,38,25.40283449477352,0.9633
OSBS,2020,39,23.526532608695653,0.3792
OSBS,2020,40,23.137717272727272,0.7816
OSBS,2020,41,22.85738198198198,2.1421
OSBS,2020,42,25.0656125,0.829
OSBS,2020,43,22.986475,1.942
OSBS,2020,44,23.700752411575564,0.2516
OSBS,2020,45,18.773245538461538,2.2942
OSBS,2020,46,22.952272016460906,0.5596
OSBS,2020,47,18.041313513513515,0.4392
OSBS,2020,48,19.996227245508983,0.4788
OSBS,2020,49,14.883951890034364,1.8041
OSBS,2020,50,12.027219076923076,1.569
OSBS,2020,51,14.33879755351682,3.42
OSBS,2020,52,13.464502826855124,0.5583
OSBS,2020,53,11.291754430379747,0.3529
OSBS,2021,1,14.706773225806451,0.5483
OSBS,2021,2,9.96955652173913,0.3732
OSBS,2021,3,12.273606984126983,1.3112
OSBS,2021,4,16.281019182389937,0.5647
OSBS,2021,5,10.752994849785408,1.6481
OSBS,2021,6,17.553574545454545,0.9107
OSBS,2021,7,16.50961875,0.5438
OSBS,2021,8,15.955778317152104,0.8508
OSBS,2021,9,18.324730841121497,1.2134
OSBS,2021,10,14.445457453416148,0.6289
OSBS,2021,11,20.878481612903226,0.5878
OSBS,2021,12,17.4786665625,0.5379
OSBS,2021,13,20.008077631578946,1.6374
OSBS,2021,14,18.23193403614458,2.1103
OSBS,2021,15,20.44082405498282,0.8487
OSBS,2021,16,19.22952416918429,0.4771
OSBS,2021,17,22.16721781818182,0.4309
OSBS,2021,18,24.018678125,0.5659
OSBS,2021,19,21.732808680555557,0.5912
OSBS,2021,20,19.812279910714285,0.8395
OSBS,2021,21,24.834374449339208,524.9027
OSBS,2021,22,24.088479666666668,1.0675
OSBS,2021,23,26.159649842271293,2.0842
OSBS,2021,24,24.803742412451363,1.2568
OSBS,2021,25,24.3916599078341,2.3189
OSBS,2021,26,24.480668498168498,94.1594
OSBS,2021,27,25.308930897009965,1.2893
OSBS,2021,28,26.440657657657656,1.87
OSBS,2021,29,26.48669393939394,2.4257
OSBS,2021,30,26.10069668674699,1.2692
OSBS,2021,31,25.589197213622292,1.437
OSBS,2021,32,27.296432673267326,0.9118
OSBS,2021,33,26.841012612612612,2.8095
OSBS,2021,34,26.348550914634146,2.2882
OSBS,2021,35,26.02354012345679,0.9049
OSBS,2021,36,25.534873873873874,1.2264
OSBS,2021,37,25.050164093959733,1.0217
OSBS,2021,38,24.28403491525424,1.416
OSBS,2021,39,24.264602215189875,0.3676
OSBS,2021,40,24.588989759036146,0.646
OSBS,2021,41,23.720773952095808,0.4446
OSBS,2021,42,21.653226268656717,0.4078
OSBS,2021,43,22.135082282282283,2.3776
OSBS,2021,44,16.90088727272727,0.2948
OSBS,2021,45,16.844324333333333,1.026
OSBS,2021,46,17.19329504643963,1.5126
OSBS,2021,47,15.34238622754491,0.5113
OSBS,2021,48,14.182144179104478,1.4378
OSBS,2021,49,18.266726646706587,1.0345
OSBS,2021,50,19.41503343283582,0.6787
OSBS,2021,51,15.353489583333333,0.3922
OSBS,2021,52,19.092873519163764,0.5477
OSBS,2021,53,20.907643421052633,0.0883
OSBS,2022,1,16.034919496855345,0.543
OSBS,2022,2,14.49260694006309,0.4868
OSBS,2022,3,12.653276408450704,1.4491
OSBS,2022,4,8.639051940298508,0.2855
OSBS,2022,5,13.118073400673401,0.7584
OSBS,2022,6,10.996527083333334,2.0634
OSBS,2022,7,15.89749905362776,0.7212
OSBS,2022,8,19.11659425981873,1.2899
OSBS,2022,9,19.637084027777778,0.8425
OSBS,2022,52,22.3410625,0.1017
SCBI,2015,37,22.08929909090909,0.8338
SCBI,2015,38,17.64229880239521,1.3731
SCBI,2016,4,-0.891675,0.1372
SCBI,2016,5,6.4224532738095235,3.2355
SCBI,2016,6,-1.7285473214285714,0.4157
SCBI,2016,7,-3.5344729166666666,1.9533
SCBI,2016,8,6.165583035714286,3.5965
SCBI,2016,9,5.238248214285714,0.701
SCBI,2016,10,12.743088095238095,2.2567
SCBI,2016,11,12.026179464285715,2.079
SCBI,2016,12,9.631936904761904,1.3525
SCBI,2016,13,11.32128005952381,0.8792
SCBI,2016,14,7.341394345238095,1.3635
SCBI,2016,15,8.258433928571428,2.8233
SCBI,2016,16,17.23013154761905,0.6601
SCBI,2016,17,14.662861607142856,1.4549
SCBI,2016,18,12.503913503649635,1.3519
SCBI,2017,1,-5.948958333333334,0.1142
SCBI,2017,33,26.31742741935484,1.5105
SCBI,2017,34,22.885749404761906,3.8468
SCBI,2017,35,17.89314464285714,0.3106
SCBI,2017,36,17.159729166666665,1.2298
SCBI,2017,37,16.97976567164179,0.5983
SCBI,2017,38,21.423434965034964,0.4581
SCBI,2017,40,22.095529245283018,0.3315
SCBI,2017,41,20.37052232142857,0.5029
SCBI,2017,42,15.061507142857144,2.0405
SCBI,2017,43,14.00344642857143,0.4074
SCBI,2017,44,11.89279613095238,2.3002
SCBI,2017,45,7.205446428571428,0.3271
SCBI,2017,46,3.168071651090343,0.6069
SCBI,2017,47,6.223467462686568,1.9666
SCBI,2017,48,10.004761011904762,0.4623
SCBI,2017,49,6.121863392857143,2.6822
SCBI,2017,50,-0.8430026785714286,0.9601
SCBI,2017,51,5.9473508982035925,0.7286
SCBI,2017,52,-2.358556845238095,4.0294
SCBI,2018,1,-5.559864322916667,0.8319
SCBI,2018,2,0.30353779761904764,1.6494
SCBI,2018,3,-3.4803943452380954,2.0923
SCBI,2018,4,7.323790361445783,0.8621
SCBI,2018,5,5.894904371584699,0.6376
SCBI,2018,6,-1.231599043062201,1.3349
SCBI,2018,7,9.598030838323353,2.7046
SCBI,2018,8,8.289322023809524,1.1242
SCBI,2018,9,8.93879012345679,3.9218
SCBI,2018,10,0.5893872791519434,0.5061
SCBI,2018,11,1.0487048048048049,1.3945
SCBI,2018,12,3.3218214285714285,0.5555
SCBI,2018,13,5.326813731343283,2.7301
SCBI,2018,14,7.966698214285715,1.6047
SCBI,2018,15,8.019347023809523,3.1112
SCBI,2018,16,9.718123511904762,2.8867
SCBI,2018,17,11.468463554216868,0.6242
SCBI,2018,18,18.829201785714286,1.1992
SCBI,2018,19,17.132464371257484,9.9472
SCBI,2018,20,19.908030322580647,8.0897
SCBI,2018,21,20.19825301204819,0.691
SCBI,2018,22,23.10148088235294,2.5245
SCBI,2018,23,18.190025525525524,0.4892
SCBI,2018,24,20.150942042042043,3.6691
SCBI,2018,25,23.335566964285714,10.0993
SCBI,2018,26,21.739598511904763,1.5785
SCBI,2018,27,26.281746107784432,3.4821
SCBI,2018,28,22.363484638554215,0.4819
SCBI,2018,29,23.40927470238095,1.6604
SCBI,2018,30,21.36780029761905,0.9453
SCBI,2018,31,21.58702351190476,0.6369
SCBI,2018,32,24.77509642857143,2.1837
SCBI,2018,33,23.231060553633217,1.7118
SCBI,2018,34,21.26916246153846,1.8977
SCBI,2018,35,24.703725632911393,1.3514
SCBI,2018,36,25.49470260869565,1.7693
SCBI,2018,37,17.66562738095238,0.4035
SCBI,2018,38,21.290742857142856,0.2376
SCBI,2018,39,16.9396375,1.0151
SCBI,2018,40,20.962115615615616,1.0467
SCBI,2018,41,19.93545386904762,0.4366
SCBI,2018,42,10.550675595238095,1.5722
SCBI,2018,43,8.369434375,6.045
SCBI,2018,44,16.455531137724552,2.4861
SCBI,2018,45,10.383515537848606,0.6103
SCBI,2018,47,2.2055583333333333,1.1077
SCBI,2018,48,1.9602806547619047,8.9427
SCBI,2018,49,3.3843684523809525,2.3368
SCBI,2018,50,0.1602684523809524,0.6332
SCBI,2018,51,5.066623795180723,4.2142
SCBI,2018,52,3.6722886904761904,2.5165
SCBI,2019,1,8.411541145833333,5.9909
SCBI,2019,2,2.8913514880952382,2.024
SCBI,2019,3,-1.4797214285714286,0.1979
SCBI,2019,4,-1.8449342424242425,1.1453
SCBI,2019,5,-4.599898511904762,1.5441
SCBI,2019,6,8.719777611940298,3.3143
SCBI,2019,7,1.2467598214285713,1.5964
SCBI,2019,8,1.7881790419161676,2.9527
SCBI,2019,9,1.879464393939394,3.9757
SCBI,2019,10,-2.054412944983819,0.4672
SCBI,2019,11,9.040606172839507,1.8962
SCBI,2019,12,4.444205952380952,3.6037
SCBI,2019,13,7.688924702380953,1.2022
SCBI,2019,14,8.117252736318408,1.2132
SCBI,2019,19,17.964649032258066,4.309
SCBI,2019,20,13.883282142857142,1.8448
SCBI,2019,21,21.06313511904762,6.7125
SCBI,2019,22,23.280027976190475,4.4642
SCBI,2019,23,19.947791964285713,1.4198
SCBI,2019,24,17.762715476190476,0.3794
SCBI,2019,25,23.177120535714288,2.1998
SCBI,2019,26,23.19263660714286,2.4804
SCBI,2019,27,24.56172767857143,1.4388
SCBI,2019,28,22.959955376344087,4.1438
SCBI,2019,42,9.816212605042017,0.1638
SCBI,2019,43,12.212612797619048,1.115
SCBI,2019,44,13.703347038327527,1.0279
SCBI,2019,45,6.991512367491166,0.4805
SCBI,2019,46,4.03506875,0.88
SCBI,2019,47,4.65390505952381,2.2972
SCBI,2019,48,6.684533928571429,0.6888
SCBI,2019,49,3.785189285714286,0.732
SCBI,2019,50,2.3208191489361703,0.7226
SCBI,2019,51,0.27296037735849055,1.2169
SCBI,2019,52,6.252273273273273,1.778
SCBI,2020,1,6.534544791666667,1.9405
SCBI,2020,2,3.763540773809524,2.079
SCBI,2020,3,8.540985416666667,1.9547
SCBI,2020,4,-1.8539719402985075,1.507
SCBI,2020,5,2.5220969696969697,0.2927
SCBI,2020,6,8.292613988095239,4.5496
SCBI,2020,7,4.266747744360902,0.7729
SCBI,2020,9,2.322066371681416,1.0595
SCBI,2020,10,6.4467324404761905,1.4448
SCBI,2020,11,10.472580952380952,1.4771
SCBI,2020,12,9.331588988095238,1.008
SCBI,2020,13,6.94907619047619,2.1032
SCBI,2020,14,10.737211011904762,4.8108
SCBI,2020,15,13.071296417910448,6.3053
SCBI,2020,16,8.614228869047619,0.5963
SCBI,2020,17,9.985136011904762,1.7728
SCBI,2020,18,10.439412202380952,0.9633
SCBI,2020,19,12.702565178571428,2.2819
SCBI,2020,20,11.267430654761904,0.5034
SCBI,2020,21,14.937550595238095,0.1872
SCBI,2020,22,19.4855375,0.6177
SCBI,2020,23,20.666578273809524,4.3725
SCBI,2020,24,22.944259226190475,0.5284
SCBI,2020,25,17.730562797619047,1.0858
SCBI,2020,26,22.121098809523808,3.7474
SCBI,2020,27,24.67642142857143,1.463
SCBI,2020,28,25.329795535714286,1.8164
SCBI,2020,29,24.326852083333332,2.6372
SCBI,2020,30,26.38475863095238,1.72
SCBI,2020,31,25.83912950310559,1.6964
SCBI,2020,32,21.932848780487806,0.2406
SCBI,2020,33,24.070195238095238,0.9264
SCBI,2020,34,21.020375,0.4995
SCBI,2020,35,24.528039285714286,12.3607
SCBI,2020,36,21.97420863095238,2.0717
SCBI,2020,37,21.512338095238096,1.4163
SCBI,2020,38,16.867384523809523,0.6992
SCBI,2020,39,14.344983630952381,0.7672
SCBI,2020,40,16.198664880952382,1.1071
SCBI,2020,41,14.625716964285715,0.9859
SCBI,2020,42,15.692513988095238,2.0718
SCBI,2020,43,16.12167767857143,0.6238
SCBI,2020,44,11.880543113772456,0.338
SCBI,2020,45,10.202394047619048,0.9454
SCBI,2020,46,16.513613392857142,0.6533
SCBI,2020,47,7.822211011904762,1.9848
SCBI,2020,48,10.009197321428571,2.9475
SCBI,2020,49,6.853679761904762,1.84
SCBI,2020,50,2.280684965034965,1.7781
SCBI,2020,51,3.214227743902439,1.5084
SCBI,2020,52,2.8653375,2.5795
SCBI,2020,53,0.09616374999999999,0.8128
SCBI,2021,1,2.2835107142857143,1.024
SCBI,2021,2,3.4752279761904763,1.203
SCBI,2021,3,2.5749136904761905,2.4951
SCBI,2021,4,-2.1948011904761904,5.0882
SCBI,2021,5,-0.5029357638888888,0.4612
SCBI,2021,6,-0.5757637770897833,0.5176
SCBI,2021,7,-2.752527777777778,0.3411
SCBI,2021,8,3.06899375,1.452
SCBI,2021,9,4.754532132132132,3.0963
SCBI,2021,10,10.02974864864865,1.042
SCBI,2021,11,5.646436607142857,0.2881
SCBI,2021,12,10.972185714285715,1.5618
SCBI,2021,13,9.409310714285715,8.756
SCBI,2021,14,14.322721428571429,0.416
SCBI,2021,15,12.871246726190476,0.9013
SCBI,2021,16,10.412824107142857,2.3849
SCBI,2021,17,16.681301488095237,5.5175
SCBI,2021,18,16.003105654761903,8.6023
SCBI,2021,19,12.13386875,1.8494
SCBI,2021,20,18.400466666666667,1.5671
SCBI,2021,21,21.37895476190476,3.5731
SCBI,2021,22,16.184335714285716,0.404
SCBI,2021,23,24.02103005952381,1.1202
SCBI,2021,24,19.606323241590214,1.103
SCBI,2021,25,21.883879838709678,3.5423
SCBI,2021,26,24.972164503816796,4.0089
SCBI,2021,27,23.639791044776118,2.4361
SCBI,2021,28,25.013200892857142,1.9417
SCBI,2021,29,23.352305654761906,1.2511
SCBI,2021,30,25.011717261904764,3.1563
SCBI,2021,31,21.560322023809523,1.2638
SCBI,2021,32,25.146472916666667,12.9272
SCBI,2021,33,22.883648511904763,1.569
SCBI,2021,34,25.09770267857143,1.016
SCBI,2021,35,21.581247023809524,4.2618
SCBI,2021,36,20.670538392857143,2.763
SCBI,2021,37,22.685074107142857,0.4454
SCBI,2021,38,19.277308035714285,0.6772
SCBI,2021,39,17.663293154761906,1.1811
SCBI,2021,40,19.426266666666667,1.3093
SCBI,2021,41,17.633355820895524,1.9406
SCBI,2021,42,15.647003184713375,1.78
SCBI,2021,43,13.204509226190476,0.5126
SCBI,2021,44,8.093076576576577,1.2223
SCBI,2021,45,12.269529464285714,0.809
SCBI,2021,46,7.772758805970149,8.3089
SCBI,2021,47,4.495630059523809,1.8498000000000001
SCBI,2021,48,6.435317117117117,0.8413
SCBI,2021,49,4.530100595238095,2.0375
SCBI,2021,50,9.329010416666666,3.5091
SCBI,2021,51,3.4206363095238097,2.5682
SCBI,2021,52,9.869496180555556,5.0557
SCBI,2021,53,3.1674864583333333,2.6724
SCBI,2022,1,4.510368055555555,1.8541
SCBI,2022,2,-0.4935559523809524,1.1503
SCBI,2022,3,-3.3336733128834357,1.2416
SCBI,2022,4,-2.9799598214285714,3.1689
SCBI,2022,5,-0.7348021148036253,15.9522
SCBI,2022,6,2.603954491017964,1.0866
SCBI,2022,7,3.1762386904761906,2.1839
SCBI,2022,8,5.538118541033435,1.9241
SCBI,2022,9,2.7464718309859153,0.233
SCBI,2022,52,9.266414583333333,0.5963
SERC,2017,1,-4.504322916666666,0.0896
SERC,2017,28,28.47080563380282,4.3529
SERC,2017,29,26.609843,0.396
SERC,2017,30,24.42128,3.1674
SERC,2017,31,23.621633035714286,1.688
SERC,2017,32,22.387178805970148,0.6851
SERC,2017,33,24.090764285714286,1.7857
SERC,2017,34,24.361333633633635,0.5287
SERC,2017,35,20.146988095238097,0.2662
SERC,2017,36,19.015530838323354,0.4552
SERC,2017,37,19.240737797619047,0.7847
SERC,2017,38,22.88354245614035,0.4988
SERC,2017,40,20.29013653846154,0.3595
SERC,2017,41,21.413101785714286,0.1673
SERC,2017,42,15.669610479041916,0.697
SERC,2017,43,16.156913988095237,0.6806
SERC,2017,44,14.467704776119403,0.9951
SERC,2017,45,10.493168452380953,0.1806
SERC,2017,46,5.363619047619047,0.2795
SERC,2017,47,7.940857440476191,0.8576
SERC,2017,48,10.085657784431138,0.6307
SERC,2017,49,7.411010714285714,0.6726
SERC,2017,50,0.8340238095238095,0.4008
SERC,2017,51,5.786951785714286,0.4083
SERC,2017,52,0.28835446428571426,2.0261
SERC,2018,1,-3.68573046875,0.2129
SERC,2018,2,-0.46405615615615614,0.4273
SERC,2018,3,-1.621606153846154,2.0717
SERC,2018,4,6.562866964285714,1.3703
SERC,2018,5,4.131384821428571,1.0002
SERC,2018,6,-0.7275839393939394,0.1663
SERC,2018,7,9.219125892857143,1.8095
SERC,2018,8,8.620184431137725,4.0509
SERC,2018,9,8.663753067484663,0.4541
SERC,2018,10,2.958298233215548,0.2042
SERC,2018,11,2.8711770833333334,0.3466
SERC,2018,12,4.23492,0.5115
SERC,2018,13,7.073049107142857,2.1619
SERC,2018,14,8.889232934131737,5.6337
SERC,2018,15,9.428873511904762,0.7212
SERC,2018,16,11.15162261904762,3.2955
SERC,2018,17,12.674038690476191,0.4458
SERC,2018,18,18.27468018018018,1.9624
SERC,2018,19,18.764196726190477,0.4677
SERC,2018,20,19.545582511210764,6.1809
SERC,2018,21,22.19905628742515,0.182
SERC,2018,22,22.083102976190474,1.2247
SERC,2018,23,19.762653273809523,1.4771
SERC,2018,24,21.21781462686567,0.6205
SERC,2018,25,24.240286904761906,2.7874
SERC,2018,26,23.65389129129129,0.4125
SERC,2018,27,27.65511011904762,0.2609
SERC,2018,28,23.881183132530122,0.394
SERC,2018,29,24.78941130952381,2.8301
SERC,2018,30,23.50551755952381,3.7156
SERC,2018,31,24.14166875,0.8497
SERC,2018,32,26.121640773809524,0.43120000000000003
SERC,2018,33,24.896699404761904,2.043
SERC,2018,34,23.29452738095238,0.6706
SERC,2018,35,25.958769253731344,0.331
SERC,2018,36,26.70856526946108,1.0559
SERC,2018,37,21.10338482142857,0.5557
SERC,2018,38,23.00181607142857,1.3269
SERC,2018,39,19.549589285714287,3.1803
SERC,2018,40,21.067153731343282,1.7491
SERC,2018,41,21.888004761904764,0.2028
SERC,2018,42,12.942704716981131,0.9506
SERC,2018,43,9.927736904761904,0.5403
SERC,2018,44,13.52396163141994,0.3588
SERC,2018,45,11.96910238095238,3.3111
SERC,2018,46,4.668878869047619,0.2763
SERC,2018,47,4.758070238095238,0.1527
SERC,2018,48,4.602008059701492,0.7861
SERC,2018,49,5.510036904761905,0.1041
SERC,2018,50,2.177574029850746,0.1625
SERC,2018,51,6.970727083333333,0.4254
SERC,2018,52,5.475241964285714,1.4153
SERC,2019,1,8.712642447916666,2.9766
SERC,2019,2,4.501757142857143,1.6103
SERC,2019,3,-0.2749077380952381,0.1111
SERC,2019,4,0.4351761904761905,1.035
SERC,2019,5,-2.3704720238095236,1.4489
SERC,2019,6,3.0015932291666667,0.7567
SERC,2019,7,7.8278765765765765,0.3709
SERC,2019,8,3.5624616564417177,1.9588
SERC,2019,9,4.995388202247191,0.5568
SERC,2019,10,-0.6013835365853658,0.1604
SERC,2019,11,8.647392168674699,0.3157
SERC,2019,12,6.701677313432836,0.5938
SERC,2019,13,7.7137327380952385,0.3172
SERC,2019,14,10.072478571428572,0.3364
SERC,2019,15,14.832720238095238,0.7556
SERC,2019,16,15.442642261904762,0.908
SERC,2019,17,17.549757784431137,5.3498
SERC,2019,18,15.617361607142858,4.6033
SERC,2019,19,17.96735313432836,1.6508
SERC,2019,20,14.852196721311476,0.3216
SERC,2019,21,21.345088690476192,11.5146
SERC,2019,22,23.495921276595745,10.6471
SERC,2019,23,21.81118869047619,1.4863
SERC,2019,24,20.24235722891566,0.3571
SERC,2019,25,23.70315625,4.1876
SERC,2019,26,24.68404375,1.0008
SERC,2019,27,25.38671755952381,5.1118
SERC,2019,28,24.755159226190475,1.3483
SERC,2019,29,27.3474576119403,14.89
SERC,2019,30,25.960275,1.8021
SERC,2019,31,25.66650029761905,2.9895
SERC,2019,32,25.373920238095238,3.4278
SERC,2019,33,24.655000895522388,0.3709
SERC,2019,34,25.923279761904762,10.7933
SERC,2019,35,21.505327083333334,0.2743
SERC,2019,36,23.47175625,0.631
SERC,2019,37,22.883565476190476,6.7499
SERC,2019,38,21.156870833333333,0.483
SERC,2019,39,22.10751755952381,0.6734
SERC,2019,40,23.07753005952381,0.5413
SERC,2019,41,17.066179464285714,0.9768
SERC,2019,42,14.524005357142856,0.3502
SERC,2019,43,13.98858869047619,0.3278
SERC,2019,44,15.784322023809525,1.7048
SERC,2019,45,9.341210714285713,0.3239
SERC,2019,46,4.9840229166666665,0.7463
SERC,2019,47,6.7736133928571425,0.4113
SERC,2019,48,7.705876488095238,0.4938
SERC,2019,49,4.936414583333334,0.3834
SERC,2019,50,4.847686607142857,0.1654
SERC,2019,51,2.6276749253731344,0.1492
SERC,2019,52,4.566680606060606,0.7317
SERC,2020,1,7.328322916666667,0.3978
SERC,2020,2,4.7203083333333336,0.3773
SERC,2020,3,9.351825,2.9169
SERC,2020,4,0.1182532738095238,0.2784
SERC,2020,5,4.778863063063063,0.4061
SERC,2020,6,8.113931845238096,3.132
SERC,2020,7,5.995289253731343,0.2386
SERC,2020,8,3.232194029850746,0.6377
SERC,2020,9,5.889937797619048,0.6663
SERC,2020,10,7.312176488095238,0.5814
SERC,2020,11,9.555726720647773,0.3089
SERC,2020,12,10.61196517857143,0.8179
SERC,2020,13,8.909761607142856,0.4397
SERC,2020,14,10.976232537313432,1.9968
SERC,2020,15,13.3400576119403,7.1444
SERC,2020,16,10.256768452380951,3.7354
SERC,2020,17,10.725297023809524,1.9709
SERC,2020,18,12.21756488095238,0.2762
SERC,2020,19,14.100987202380953,2.1374
SERC,2020,20,12.535413392857143,0.7749
SERC,2020,21,16.093845833333333,0.2331
SERC,2020,22,19.439074702380953,0.8958
SERC,2020,23,21.777315773809523,3.5967
SERC,2020,24,23.81825238095238,5.5139
SERC,2020,25,20.031576417910447,0.2018
SERC,2020,26,23.326161607142858,5.7145
SERC,2020,27,25.886893154761903,1.8075
SERC,2020,28,25.894513095238096,3.7674
SERC,2020,29,25.60708537313433,3.0114
SERC,2020,30,27.03707462686567,7.3209
SERC,2020,31,26.70564558303887,3.8679
SERC,2020,32,24.97856994047619,1.6159
SERC,2020,33,25.358254166666665,1.5279
SERC,2020,34,22.479869940476192,1.4602
SERC,2020,35,25.577604166666667,3.0104
SERC,2020,36,24.157549253731343,0.9454
SERC,2020,37,22.82527147147147,0.3234
SERC,2020,38,19.466544345238095,0.8889
SERC,2020,39,15.666598511904763,0.4724
SERC,2020,40,18.32999404761905,0.6813
SERC,2020,41,15.97744494047619,6.1507
SERC,2020,42,16.561953273809525,0.2029
SERC,2020,43,16.450491071428573,0.2833
SERC,2020,44,13.864928358208955,0.3075
SERC,2020,45,11.125856626506025,0.9898
SERC,2020,46,16.1794125,1.3015
SERC,2020,47,9.525324107142858,4.8845
SERC,2020,48,12.003129761904763,0.3269
SERC,2020,49,8.997069345238096,0.3593
SERC,2020,50,4.47447671641791,0.3392
SERC,2020,51,4.884574850299401,0.3711
SERC,2020,52,4.797402976190476,0.7146
SERC,2020,53,1.9424316666666666,0.1629
SERC,2021,1,3.8161160714285716,0.3056
SERC,2021,2,3.9370684523809523,1.3809
SERC,2021,3,4.653216964285714,0.281
SERC,2021,4,-0.055484226190476195,0.3488
SERC,2021,5,0.8000294642857143,0.313
SERC,2021,6,1.2910699404761905,0.3031
SERC,2021,7,-0.695407738095238,0.2622
SERC,2021,8,4.0386827794561935,2.0643
SERC,2021,9,5.275603571428571,0.5368
SERC,2021,10,9.433629761904761,0.9415
SERC,2021,11,7.048612202380952,0.47
SERC,2021,12,11.857086011904762,0.5932
SERC,2021,13,10.77325982142857,1.4139
SERC,2021,14,13.283340178571429,1.2926
SERC,2021,15,13.169476488095238,1.3128
SERC,2021,16,11.155741964285715,3.34
SERC,2021,17,17.665649404761904,1.728
SERC,2021,18,17.19223482142857,2.4057
SERC,2021,19,13.574922916666667,5.685
SERC,2021,20,18.837491916167664,0.6715
SERC,2021,21,21.710918987341774,0.8267
SERC,2021,22,16.894567857142857,0.5206
SERC,2021,23,24.53223125,0.7413
SERC,2021,24,21.22570537313433,2.2615
SERC,2021,25,22.130614583333333,0.6957
SERC,2021,26,25.953054838709676,1.081
SERC,2021,27,25.085029965156796,0.9317
SERC,2021,28,26.098687066246057,0.3871
SERC,2021,29,24.704465773809524,1.424
SERC,2021,30,25.808409821428572,0.2592
SERC,2021,31,22.303310416666665,0.5132
SERC,2021,32,24.544976666666667,3.8599
SERC,2021,33,25.294968452380953,1.148
SERC,2021,34,26.22346656716418,1.429
SERC,2021,35,23.48193880597015,3.3623
SERC,2021,36,21.8856497005988,0.3839
SERC,2021,37,23.643505952380952,0.8602
SERC,2021,38,21.67623898809524,5.8163
SERC,2021,39,18.45389726443769,2.6813
SERC,2021,40,20.529082142857142,0.35
SERC,2021,41,19.537332934131737,0.8521
SERC,2021,42,16.466976785714287,2.9406
SERC,2021,43,15.280621428571429,0.4484
SERC,2021,44,10.200149850746268,0.5447
SERC,2021,45,13.2277125,1.1125
SERC,2021,46,9.286492261904762,3.844
SERC,2021,47,5.521795833333333,0.2849
SERC,2021,48,7.201177678571429,0.4718
SERC,2021,49,6.448296726190476,1.2985
SERC,2021,50,10.616603571428572,0.7053
SERC,2021,51,4.360357272727272,0.5043
SERC,2021,52,9.202939236111112,0.8977
SERC,2021,53,5.56556875,0.2982
SERC,2022,1,5.332201672240803,0.4687
SERC,2022,2,0.7270342592592592,0.5803
SERC,2022,3,-0.20013541666666665,0.8273
SERC,2022,4,-1.1723448795180722,0.4324
SERC,2022,5,0.19541556886227546,1.4005
SERC,2022,6,3.207695833333333,0.5809
SERC,2022,7,4.858966066066066,4.6536
SERC,2022,8,5.641117469879518,0.8702
SERC,2022,9,4.1446861111111115,0.6982
SERC,2022,52,9.49185,0.1296
TALL,2015,48,6.409829411764706,0.2826
TALL,2015,49,13.768305654761905,1.5383
TALL,2015,50,14.404760815047021,0.7864
TALL,2015,51,14.960155654761905,0.3232
TALL,2015,52,16.93688828451883,1.7873000000000001
TALL,2016,1,5.15262874251497,0.2731
TALL,2016,2,7.167483333333333,0.6688
TALL,2016,3,3.3680892376681615,0.2339
TALL,2016,52,7.331426041666667,0.1238
TALL,2017,1,5.150075,0.3345
TALL,2017,31,25.30711612903226,1.7288
TALL,2017,32,24.39981880597015,2.2351
TALL,2017,33,26.094061144578312,5.7151
TALL,2017,34,26.802447916666665,1.4333
TALL,2017,35,23.50504613095238,0.3243
TALL,2017,36,22.24050686567164,5.8553
TALL,2017,37,19.313169345238094,0.5107
TALL,2017,38,25.644707394366197,0.663
TALL,2017,40,21.941992517006803,0.3034
TALL,2017,41,23.29038990825688,0.5162
TALL,2017,42,18.29670424242424,0.5364
TALL,2017,43,16.033630654761904,0.5836
TALL,2017,44,14.087171130952381,2.177
TALL,2017,45,17.002371987951808,1.0018
TALL,2017,46,12.462569393939393,0.6084
TALL,2017,47,10.25134251497006,4.0126
TALL,2017,48,14.150122023809523,0.7122
TALL,2017,49,12.715322522522522,3.6288
TALL,2017,50,6.275993728222996,0.3013
TALL,2017,51,11.54513869047619,0.4348
TALL,2017,52,4.915394345238095,1.3591
TALL,2018,1,-2.6412899305555557,0.3071
TALL,2018,2,8.916973952095809,1.9973
TALL,2018,3,-1.11378125,1.2371
TALL,2018,4,11.83953903508772,0.2449
TALL,2018,5,9.085220535714285,1.424
TALL,2018,6,8.54306875,1.0503
TALL,2018,7,14.267092771084338,0.604
TALL,2018,8,18.450802380952382,3.834
TALL,2018,9,15.68000119047619,5.3966
TALL,2018,10,11.26599494047619,1.1156
TALL,2018,11,10.598280654761904,1.1842
TALL,2018,12,14.444829761904762,1.2973
TALL,2018,13,16.244703582089553,3.0056
TALL,2018,14,16.58385843373494,0.5523
TALL,2018,15,14.512236607142857,1.4033
TALL,2018,16,14.200359523809524,4.8285
TALL,2018,17,16.061736119402983,0.6847
TALL,2018,18,20.43001994047619,0.5236
TALL,2018,19,23.42088125,2.5166
TALL,2018,20,24.73830699088146,5.4221
TALL,2018,21,23.54756909090909,3.8392
TALL,2018,22,23.442553869047618,0.9027
TALL,2018,23,26.362026646706585,1.3427
TALL,2018,24,24.378016666666667,2.375
TALL,2018,25,26.215734821428573,0.7944
TALL,2018,26,27.34858475177305,0.5189
TALL,2018,27,27.051768902439026,6.1939
TALL,2018,28,27.727098692810458,2.144
TALL,2018,29,25.092,3.509
TALL,2018,30,27.165604487179486,0.5677
TALL,2018,31,25.268371428571427,5.5282
TALL,2018,32,26.730411144578312,1.7436
TALL,2018,33,26.12489017857143,2.1973
TALL,2018,34,24.183900595238097,1.4512
TALL,2018,35,25.683139285714287,4.2729
TALL,2018,36,25.092031003039512,0.5423
TALL,2018,37,25.467904761904762,1.7139
TALL,2018,38,27.987285416666666,0.5503
TALL,2018,39,24.060163095238096,0.8147
TALL,2018,40,24.91627250755287,2.7734
TALL,2018,41,23.22757147147147,0.4468
TALL,2018,42,19.118227083333334,0.3967
TALL,2018,43,14.62346875,0.361
TALL,2018,44,16.924974702380954,0.3721
TALL,2018,45,14.431362797619048,2.9147
TALL,2018,46,5.8053984,0.5759
TALL,2018,47,10.66210386904762,0.5372
TALL,2018,48,8.581507738095238,0.5123
TALL,2018,49,17.180737209302325,0.2125
TALL,2019,1,15.534043055555555,2.454
TALL,2019,6,12.98137076923077,0.6328
TALL,2019,7,10.944574404761905,0.5022
TALL,2019,8,11.438733928571429,1.953
TALL,2019,9,15.549919104477611,2.342
TALL,2019,10,6.72995748502994,1.2241
TALL,2019,11,17.29466785714286,2.2939
TALL,2019,12,11.076382388059702,0.6495
TALL,2019,13,15.618304166666666,1.2018
TALL,2019,14,13.763379268292683,0.6965
TALL,2019,15,20.825784226190475,1.5646
TALL,2019,16,16.938679510703363,1.9769
TALL,2019,17,17.98139613095238,1.6548
TALL,2019,18,22.192622822822823,0.6091
TALL,2019,19,21.05690357142857,1.7706
TALL,2019,20,21.01589969879518,0.2793
TALL,2019,21,25.150906845238094,0.2449
TALL,2019,22,27.26241488095238,1.0487
TALL,2019,23,25.926535454545455,3.6252
TALL,2019,24,23.223764564564565,0.2923
TALL,2019,25,25.698606153846153,3.3742
TALL,2019,26,25.70992245508982,12.0472
TALL,2019,27,26.332796996996997,4.4739
TALL,2019,28,27.114015178571428,8.5585
TALL,2019,29,25.913015178571428,1.1652
TALL,2019,30,24.570773214285715,0.3574
TALL,2019,31,26.68835825825826,3.4159
TALL,2019,32,26.051163063063065,2.6321
TALL,2019,33,27.89419880952381,0.9066
TALL,2019,34,26.996260416666665,3.2592
TALL,2019,35,24.19112634730539,11.2713
TALL,2019,36,26.542638690476192,0.4623
TALL,2019,37,28.42029613095238,1.1592
TALL,2019,38,27.8895875,0.9536
TALL,2019,39,26.95138898809524,1.6104
TALL,2019,40,29.286395535714284,0.9335
TALL,2019,41,22.902385416666668,1.1542
TALL,2019,42,15.479672321428572,8.2679
TALL,2019,43,16.616565178571427,0.6453
TALL,2019,44,14.738433836858006,12.1182
TALL,2019,45,12.544456547619047,1.2454
TALL,2019,46,6.9867413690476194,1.7044
TALL,2019,47,12.064719047619048,1.4305
TALL,2019,48,12.732019642857143,3.525
TALL,2019,49,10.643818789808916,1.3646
TALL,2019,50,10.287984226190476,1.541
TALL,2019,51,8.451010447761194,3.3461
TALL,2019,52,12.526465178571428,0.2352
TALL,2020,1,10.43748125,0.8084
TALL,2020,2,11.352843154761905,0.4314
TALL,2020,3,15.783401829268293,2.7817
TALL,2020,4,5.047177108433735,0.425
TALL,2020,5,9.256009821428572,0.8875
TALL,2020,6,12.122486607142857,3.2818
TALL,2020,7,11.373773511904762,0.6645
TALL,2020,8,9.297666071428571,2.0898
TALL,2020,9,8.452388392857143,0.4299
TALL,2020,10,13.121745671641792,0.3356
TALL,2020,11,15.312899104477612,0.5188
TALL,2020,12,19.816027976190476,4.8911
TALL,2020,13,18.534641964285715,1.0902
TALL,2020,14,17.49074375,0.3242
TALL,2020,15,19.9308125748503,0.8501
TALL,2020,16,14.024243975903614,0.6879
TALL,2020,17,16.7439122754491,0.5953
TALL,2020,18,17.779541369047617,1.6796
TALL,2020,19,19.46561369047619,0.4567
TALL,2020,20,18.44822029850746,0.3585
TALL,2020,21,21.12879732142857,1.9115
TALL,2020,22,22.67979910179641,5.228
TALL,2020,23,24.126639285714287,0.8194
TALL,2020,24,24.146712435233162,4.2616
TALL,2020,25,23.49354465408805,0.8449
TALL,2020,26,24.076922619047618,4.1834
TALL,2020,27,25.64317619047619,1.3945
TALL,2020,28,25.29202,1.5001
TALL,2020,29,27.078769642857143,14.1056
TALL,2020,30,27.075919018404907,5.0824
TALL,2020,31,25.213221296296297,4.2044
TALL,2020,32,25.858653293413173,4.296
TALL,2020,33,27.196779738562093,0.5723
TALL,2020,34,25.43840744047619,3.0099
TALL,2020,35,24.82627738095238,7.4389
TALL,2020,36,26.200163988095237,0.9402
TALL,2020,37,25.103585714285714,1.0993
TALL,2020,38,24.33888765060241,3.017
TALL,2020,39,18.908803592814373,0.197
TALL,2020,40,19.81459613095238,1.0806
TALL,2020,41,20.04498,0.5576
TALL,2020,42,20.31365029761905,1.4965
TALL,2020,43,19.887014880952382,0.5686
TALL,2020,44,18.46115773809524,0.5268
TALL,2020,45,14.036109523809523,0.4702
TALL,2020,46,18.79245,0.6501
TALL,2020,47,13.971093452380952,0.394
TALL,2020,48,14.75994255952381,0.9303
TALL,2020,49,7.948958630952381,0.5294
TALL,2020,50,9.446024702380953,0.356
TALL,2020,51,7.86828025477707,1.591
TALL,2020,52,8.722269205298014,0.9594
TALL,2020,53,9.29072875,0.459
TALL,2021,1,7.476904776119403,0.2393
TALL,2021,2,3.378712874251497,0.406
TALL,2021,3,8.286152678571428,0.2391
TALL,2021,4,10.920526488095238,2.7796
TALL,2021,5,7.652813134328358,0.5217
TALL,2021,6,9.229564583333334,0.7993
TALL,2021,7,-0.2203569277108434,0.4653
TALL,2021,8,12.883818154761904,0.5251
TALL,2021,9,14.58163869047619,2.1129
TALL,2021,10,14.42829040247678,0.4054
TALL,2021,11,17.371066666666668,3.3992
TALL,2021,12,15.100786785714286,0.4883
TALL,2021,13,14.861650595238094,5.3125
TALL,2021,14,17.97779166666667,2.9426
TALL,2021,15,18.667815773809522,0.4709
TALL,2021,16,14.495315773809525,1.0738
TALL,2021,17,19.978634523809525,0.509
TALL,2021,18,20.02650668896321,2.0637
TALL,2021,19,18.340159226190476,0.7763
TALL,2021,20,21.837437797619046,0.2643
TALL,2021,21,24.68106130952381,2.5689
TALL,2021,22,20.990636607142857,0.6616
TALL,2021,23,23.117083035714284,3.9296
TALL,2021,24,25.33767470238095,7.6014
TALL,2021,25,24.004368154761906,0.9069
TALL,2021,26,24.87027401812689,2.4459
TALL,2021,27,24.24780267857143,1.1142
TALL,2021,28,23.720186315789473,14.399
TALL,2021,29,24.975741706161138,2.6441
TALL,2021,30,27.44021407185629,1.7739
TALL,2021,31,25.444309821428572,13.2353
TALL,2021,32,26.177039285714287,6.4981
TALL,2021,33,25.727531547619048,1.3254
TALL,2021,34,26.372680307692306,11.4041
TALL,2021,35,23.795184431137724,9.2184
TALL,2021,36,24.215776488095237,0.2382
TALL,2021,37,23.15009223880597,0.718
TALL,2021,38,21.20938795180723,1.1558
TALL,2021,39,22.86816904761905,1.3217
TALL,2021,40,22.16097057057057,3.3777
TALL,2021,41,23.563914583333332,0.2886
TALL,2021,42,17.89361636904762,0.4852
TALL,2021,43,15.969888955223881,1.2325
TALL,2021,44,11.546058928571428,0.273
TALL,2021,45,14.738064285714286,0.4745
TALL,2021,46,12.455844776119402,0.6268
TALL,2021,47,10.273943154761906,0.6885
TALL,2021,48,12.297197916666667,1.0422
TALL,2021,49,13.431175111111111,1.664
TALL,2021,50,12.668289930555556,0.526
TALL,2021,51,9.89261636904762,0.3936
TALL,2021,52,19.469928125,0.8766
TALL,2021,53,17.33395,0.1364
TALL,2022,1,8.718567559523809,1.0342
TALL,2022,2,7.973961607142857,0.6354
TALL,2022,3,5.16875880597015,1.4642
TALL,2022,4,5.084152552552553,1.0808
TALL,2022,5,9.808226595744681,1.0985
TALL,2022,6,14.645011666666667,0.1511
TALL,2022,7,10.900690178571429,2.1113
TALL,2022,8,13.687174468085106,1.3864
TALL,2022,9,6.655430555555555,0.348
TALL,2022,52,19.870983333333335,0.0799
UKFS,2016,4,6.79211,0.3057
UKFS,2016,5,3.6303916666666667,2.6091
UKFS,2016,6,0.7106635820895523,0.5233
UKFS,2016,7,5.77478005952381,1.833
UKFS,2016,8,5.901236826347305,1.4172
UKFS,2016,9,8.612028869047618,5.9795
UKFS,2016,10,13.94877223880597,0.652
UKFS,2016,11,11.75920625,0.9696
UKFS,2016,12,8.491955357142857,0.8287
UKFS,2016,13,10.494227380952381,0.8787
UKFS,2016,14,13.009162874251498,1.0671
UKFS,2016,15,12.814191369047618,0.3657
UKFS,2016,16,15.83961432835821,2.7113
UKFS,2016,17,15.999534834834835,5.625
UKFS,2016,18,14.506813134328358,0.3723
UKFS,2016,19,19.12240267857143,4.0076
UKFS,2016,20,12.33989131736527,0.642
UKFS,2016,21,19.446500597014925,5.6023
UKFS,2016,22,21.907010975609754,1.465
UKFS,2016,23,23.699484730538924,0.507
UKFS,2016,24,27.055976047904192,11.1759
UKFS,2016,25,27.437510648148148,0.3613
UKFS,2016,26,25.41755816993464,2.3449
UKFS,2016,27,23.595180654761904,6.1556
UKFS,2016,28,25.61081432835821,4.4002
UKFS,2016,29,27.92410505952381,0.2873
UKFS,2016,30,26.545069047619048,1.9203
UKFS,2016,31,25.908059523809523,9.3312
UKFS,2016,32,25.007983233532933,16.8754
UKFS,2016,33,24.686618154761906,0.3488
UKFS,2016,34,22.09846635802469,4.5961
UKFS,2016,35,23.336688988095236,1.0635
UKFS,2016,36,24.12525269461078,0.8226
UKFS,2016,37,20.242584924623117,1.2977
UKFS,2017,1,-10.467964583333334,0.3695
UKFS,2017,25,24.71389010989011,0.1889
UKFS,2017,26,21.073126646706587,4.5571
UKFS,2017,27,24.472067559523808,1.4343
UKFS,2017,28,26.67868912386707,1.793
UKFS,2017,29,28.039850892857142,0.1926
UKFS,2017,30,26.458792492492492,1.7399
UKFS,2017,31,22.747561904761906,0.5864
UKFS,2017,32,21.21485361445783,1.1569
UKFS,2017,33,23.0879,1.0689
UKFS,2017,34,23.25094834834835,2.6345
UKFS,2017,35,21.534731845238095,0.2959
UKFS,2017,36,20.821398507462686,0.4279
UKFS,2017,37,21.78767652173913,0.7971
UKFS,2017,38,26.672675238095238,0.0673
UKFS,2017,40,19.617556565656567,0.3007
UKFS,2017,41,15.740677014925373,1.9676
UKFS,2017,42,16.17746011904762,1.7312
UKFS,2017,43,12.429954268292683,3.7072
UKFS,2017,44,5.726667164179104,0.3161
UKFS,2017,45,4.494538095238095,0.3145
UKFS,2017,46,8.417185542168674,0.5174
UKFS,2017,47,7.615055357142857,3.3564
UKFS,2017,48,11.144449544072948,0.4736
UKFS,2017,49,5.3113318452380955,0.762
UKFS,2017,50,4.047563880597015,2.3611
UKFS,2017,51,5.050340361445783,0.9651
UKFS,2017,52,-7.944248203592815,0.1938
UKFS,2018,1,-10.42069140625,0.2967
UKFS,2018,2,-1.3604129032258063,0.2791
UKFS,2018,3,-8.02409371257485,0.5587
UKFS,2018,4,6.043418373493976,0.735
UKFS,2018,5,0.2355862804878049,0.4957
UKFS,2018,6,-4.335970535714286,6.5948
UKFS,2018,7,0.06273511904761904,0.2836
UKFS,2018,8,0.6680668730650156,6.3628
UKFS,2018,9,6.553790273556231,1.0366
UKFS,2018,10,5.681144940476191,3.7542
UKFS,2018,11,7.296002083333334,0.867
UKFS,2018,12,6.7540625,0.718
UKFS,2018,13,5.974166071428572,0.4637
UKFS,2018,14,2.7690113095238096,0.7388
UKFS,2018,15,8.9809775,0.5161
UKFS,2018,16,5.444427190332326,1.1073
UKFS,2018,17,13.65290895522388,0.6195
UKFS,2018,18,18.578939520958084,2.0954
UKFS,2018,19,23.35087083333333,4.0111
UKFS,2018,20,23.11626829268293,1.4935
UKFS,2018,21,21.14404136904762,14.8975
UKFS,2018,22,26.779293493150686,1.0123
UKFS,2018,23,24.022799107142855,4.6273
UKFS,2018,24,26.860535223880596,4.4
UKFS,2018,25,24.54651875,1.2905
UKFS,2018,26,25.50528892215569,3.9811
UKFS,2018,27,27.02699404761905,5.2101
UKFS,2018,28,28.195673765432097,0.3646
UKFS,2018,29,25.99341846153846,10.7184
UKFS,2018,30,24.737402678571428,0.7125
UKFS,2018,31,23.665993393393393,1.0217
UKFS,2018,32,26.925440476190477,9.8034
UKFS,2018,33,25.181713392857144,1.6578
UKFS,2018,34,22.023892705167174,0.3081
UKFS,2018,35,25.113889520958082,2.1738
UKFS,2018,36,23.913703273809524,1.8317
UKFS,2018,37,20.497691641791043,0.3923
UKFS,2018,38,25.981351641791044,0.6255
UKFS,2018,39,16.789225892857143,4.8905
UKFS,2018,40,18.491952537313434,4.5842
UKFS,2018,41,13.05909761904762,1.7561
UKFS,2018,42,9.05451846153846,1.0153
UKFS,2018,43,11.394235416666668,0.3085
UKFS,2018,44,12.856260895522388,1.7495
UKFS,2018,45,4.942350297619048,0.4241
UKFS,2018,46,-0.5905954954954955,0.2894
UKFS,2018,47,4.205661011904762,0.2801
UKFS,2018,48,0.7762705705705706,0.8904
UKFS,2018,49,-0.12773650306748469,0.2299
UKFS,2018,50,1.135031137724551,0.9393
UKFS,2018,51,5.678108630952381,0.5291
UKFS,2018,52,3.8310030303030302,5.2057
UKFS,2019,1,0.6658370607028754,1.5605
UKFS,2019,2,5.896551497005988,0.4517
UKFS,2019,3,-1.835555421686747,0.0097
UKFS,2019,4,-6.236354716981132,0.1957
UKFS,2019,5,-4.703494879518073,0.633
UKFS,2019,6,0.2010509225092251,12.3355
UKFS,2019,7,-1.559665337423313,1.8904
UKFS,2019,8,-4.241116403785489,0.2726
UKFS,2019,9,-4.159006521739131,0.3194
UKFS,2019,10,-6.26754447761194,0.2873
UKFS,2019,11,6.234915100671141,1.2092
UKFS,2019,13,11.8187,0.3943
UKFS,2019,14,7.611025,0.2606
UKFS,2019,15,15.389987974683544,4.4591
UKFS,2019,16,12.417713278008298,0.683
UKFS,2019,17,14.598102727272726,1.0053
UKFS,2019,18,12.347120253164556,0.7872
UKFS,2019,19,14.551408928571428,1.3773
UKFS,2019,20,18.13519424242424,2.9114
UKFS,2019,21,16.40769285714286,1.9983
UKFS,2019,22,20.57880744047619,1.601
UKFS,2019,23,23.23308541666667,4.4211
UKFS,2019,24,20.54896856287425,2.4029
UKFS,2019,25,22.58350892857143,5.5564
UKFS,2019,26,23.89941313432836,11.842
UKFS,2019,27,26.170045833333333,0.2735
UKFS,2019,28,25.6729096875,2.1011
UKFS,2019,29,27.262892261904764,0.2315
UKFS,2019,30,24.00553282674772,1.6471
UKFS,2019,31,24.319759523809523,0.8454
UKFS,2019,32,24.83298042168675,0.3259
UKFS,2019,33,25.167166964285713,1.4905
UKFS,2019,34,24.322460606060606,0.3293
UKFS,2019,35,23.54006923076923,1.5838
UKFS,2019,36,23.25288674698795,0.3271
UKFS,2019,37,23.98198373493976,0.3344
UKFS,2019,38,25.684574404761904,0.3363
UKFS,2019,39,21.689159567901235,0.4654
UKFS,2019,40,19.665990718562874,1.8368
UKFS,2019,41,13.779563746223564,2.8781
UKFS,2019,42,12.47985875,2.3678
UKFS,2019,43,10.85698511904762,0.3324
UKFS,2019,44,3.4185449404761905,0.3103
UKFS,2019,45,5.868001785714286,1.4063
UKFS,2019,46,1.8726534534534534,0.2932
UKFS,2019,47,8.422946130952381,1.3567
UKFS,2019,48,3.8343169642857142,0.6145
UKFS,2019,49,4.9973913690476195,1.4228
UKFS,2019,50,3.3028750750750753,0.4492
UKFS,2019,51,-1.2050374603174603,0.2868
UKFS,2019,52,5.973205059523809,9.386
UKFS,2020,2,7.794333566433567,1.7351
UKFS,2020,3,0.19176834170854273,2.7405
UKFS,2020,4,-4.058648170731708,0.4891
UKFS,2020,5,-0.3219928358208955,0.1768
UKFS,2020,6,2.5762434650455925,0.9321
UKFS,2020,7,-2.5805157738095237,0.5819
UKFS,2020,8,1.2068042813455657,1.3472
UKFS,2020,9,3.9960964285714287,0.3639
UKFS,2020,10,8.890109821428572,1.7634
UKFS,2020,11,9.247765773809524,2.9337
UKFS,2020,12,6.398517365269461,10.7218
UKFS,2020,13,8.329723214285714,0.5063
UKFS,2020,14,12.695077678571428,3.8761
UKFS,2020,15,11.473047904191617,1.2969
UKFS,2020,16,6.416377380952381,4.9672
UKFS,2020,17,13.805376488095238,0.8839
UKFS,2020,18,15.967951488095238,2.6924
UKFS,2020,19,14.946610416666667,0.49
UKFS,2020,20,12.396180654761904,0.3874
UKFS,2020,21,16.762154464285715,0.2333
UKFS,2020,22,20.341494642857143,1.1801
UKFS,2020,23,23.43814484848485,6.2502
UKFS,2020,24,25.319447321428573,0.5078
UKFS,2020,25,25.808030357142858,0.4442
UKFS,2020,26,23.888290606060608,1.1294
UKFS,2020,27,25.454104776119404,4.7378
UKFS,2020,28,26.488448059701494,4.2917
UKFS,2020,29,25.643496428571428,2.5333
UKFS,2020,30,25.782646363636363,4.2096
UKFS,2020,31,24.5915625,4.6972
UKFS,2020,32,21.324332326283987,1.3904
UKFS,2020,33,25.641310714285716,0.2758
UKFS,2020,34,23.248356845238096,1.5164
UKFS,2020,35,26.4497790625,0.6187
UKFS,2020,36,22.452109552238806,1.3973
UKFS,2020,37,18.444363988095237,0.5746
UKFS,2020,38,19.355390243902438,1.1146
UKFS,2020,39,19.11015982142857,0.2544
UKFS,2020,40,16.172267462686566,0.5984
UKFS,2020,41,17.416932035928145,0.5758
UKFS,2020,42,17.55967619047619,7.397
UKFS,2020,43,9.126436607142857,21.0327
UKFS,2020,44,2.753029305135952,0.2293
UKFS,2020,45,13.400181845238095,0.4559
UKFS,2020,46,10.829702402402402,3.3121
UKFS,2020,47,11.857919760479042,0.9733
UKFS,2020,48,6.19253125,0.8369
UKFS,2020,49,3.5364386904761904,0.3598
UKFS,2020,50,7.434669724770642,4.9353
UKFS,2020,51,-0.5010229357798165,0.3067
UKFS,2020,52,2.738073511904762,0.6863
UKFS,2020,53,2.065564935064935,0.6007
UKFS,2021,1,1.5509606382978725,1.3655
UKFS,2021,2,2.1271520833333333,1.026
UKFS,2021,3,1.863666369047619,0.8967
UKFS,2021,4,-1.2950024691358024,0.2388
UKFS,2021,5,2.0898856697819315,1.228
UKFS,2021,6,-12.049446816479401,0.1261
UKFS,2021,7,-14.979363988095239,0.2895
UKFS,2021,8,4.069840247678019,0.5848
UKFS,2021,9,8.654174320241692,1.4348
UKFS,2021,10,12.478202985074628,1.4315
UKFS,2021,11,6.46253993993994,0.1937
UKFS,2021,12,9.572133731343284,1.0296
UKFS,2021,13,9.6501006006006,1.4286
UKFS,2021,14,15.527833532934132,6.4647
UKFS,2021,15,10.28327250755287,3.0757
UKFS,2021,16,6.622229464285715,0.6685
UKFS,2021,17,17.98143141993958,1.5166
UKFS,2021,18,16.039165476190476,2.6425
UKFS,2021,19,13.250397313432837,1.0427
UKFS,2021,20,17.918586607142856,0.7135
UKFS,2021,21,19.69881564417178,0.4757
UKFS,2021,22,17.279667261904763,0.6005
UKFS,2021,23,25.065516964285713,2.7108
UKFS,2021,24,27.554585889570554,3.6191
UKFS,2021,25,25.24284054878049,11.9783
UKFS,2021,26,22.373274085365853,0.3245
UKFS,2021,27,25.109263392857144,0.4218
UKFS,2021,28,22.446916666666667,3.5357
UKFS,2021,29,24.597841666666667,0.4962
UKFS,2021,30,28.32541526946108,0.3946
UKFS,2021,31,23.290677409638555,0.739
UKFS,2021,32,26.791605654761906,1.2853
UKFS,2021,33,24.31151183800623,0.4828
UKFS,2021,34,26.77905880597015,3.3575
UKFS,2021,35,24.328274029850746,0.8333
UKFS,2021,36,22.838809523809523,2.1768
UKFS,2021,37,23.91068138138138,0.4439
UKFS,2021,38,20.365120833333332,3.0316
UKFS,2021,39,22.104702424242426,2.1338
UKFS,2021,40,19.695186904761904,1.5332
UKFS,2021,41,18.343970820668694,1.6681
UKFS,2021,42,14.007549397590362,0.5931
UKFS,2021,43,10.477690769230769,0.1116
UKFS,2021,44,7.422293636363636,0.3757
UKFS,2021,45,11.922629640718563,0.5817
UKFS,2021,46,8.17514880952381,2.3658
UKFS,2021,47,6.6582891891891895,0.6607
UKFS,2021,48,11.108347321428571,0.6384
UKFS,2021,49,6.186670958083832,5.0766
UKFS,2021,50,7.794562762762763,0.93
UKFS,2021,51,3.0576748484848486,0.4529
UKFS,2021,52,5.474445907473309,0.4765
UKFS,2021,53,-2.887309375,0.3365
UKFS,2022,1,-7.397833832335329,0.3664
UKFS,2022,2,2.9014002976190474,0.43
UKFS,2022,3,-3.560709584664537,0.8046
UKFS,2022,4,-1.2521152694610778,0.92490000000000006
UKFS,2022,5,-0.9728332326283988,0.5817
UKFS,2022,6,4.627419161676647,0.6478
UKFS,2022,7,0.44276396396396395,3.0628
UKFS,2022,8,-3.228139880952381,3.1758
UKFS,2022,9,2.1947145833333335,0.3933
UKFS,2022,52,5.836945833333333,0.719
